Student_ID,Name,Marks
STU001,Ananya,41
STU002,Vikram,55
STU003,Tanya,48
STU004,Ananya,83
STU005,Aditya,45
STU007,Diya,41
STU008,Rohan,53
STU009,Tanya,72
STU010,Vivek,41
STU006,Riya,67
STU012,Aditya,66
STU013,Tanya,68
STU014,Riya,57
STU015,Aarav,88
STU017,Siddharth,61
STU018,Vikram,49
STU019,Arjun,88
STU020,Rahul,46
STU016,Meera,84
STU022,Ananya,62
STU023,Priya,78
STU024,Vikram,91
STU025,Diya,86
STU027,Ananya,99
STU028,Amit,45
STU029,Aditya,58
STU030,Vivek,96
STU026,Saniya,74
STU032,Arjun,85
STU033,Rohan,42
STU034,Tanya,89
STU035,Neha,45
STU037,Ananya,64
STU038,Vikram,69
STU039,Priya,50
STU040,Priya,62
STU013,ModifiedName,75
STU042,Vikram,84
STU043,Rohan,78
STU044,Meera,74
STU045,Tanya,50
STU047,Vikram,99
STU048,Aditya,54
STU049,Rahul,93
STU050,Diya,54
STU019,Arjun,99
STU052,Rahul,65
STU053,Vikram,44
STU054,Arjun,98
STU055,Riya,96
STU056,Rahul,53
STU057,Karan,65
STU058,Saniya,49
STU059,Vikram,48
STU060,Tanya,87
STU061,Aditya,74
STU062,Vikram,87
STU063,Riya,67
STU064,Riya,65
STU065,Priya,54
STU066,Kabir,72
STU067,Karan,45
STU068,Diya,95
STU069,Ananya,49
STU070,Meera,90
STU071,Siddharth,78
STU072,Rohan,64
STU073,Amit,78
STU074,Saniya,73
STU075,Vikram,75
STU076,Aarav,83
STU077,Ananya,83
STU078,Aditya,88
STU079,Vikram,89
STU080,Rahul,47
STU081,Neha,67
STU082,Meera,69
STU083,Aarav,86
STU084,Vikram,72
STU085,Meera,72
STU086,Ananya,95
STU087,Neha,93
STU088,Isha,78
STU089,Arjun,49
STU090,Priya,88
STU091,Meera,74
STU092,Isha,98
STU093,Aarav,78
STU094,Rahul,71
STU095,Aarav,47
STU096,Priya,96
STU097,Neha,55
STU098,Diya,55
STU099,Riya,100
STU100,Rohan,45
