Student_ID,Name,Gender,Department,Attendance_Percent,Study_Hours_Per_Day,Previous_Score,Assignment_Score,Internal_Marks,Sleep_Hours,Participation_Percent,Final_Score,Grade,Result
1001,Student_001,Male,IT,72.6,4.8,82.9,73.4,93.4,5.2,77.8,97.0,A+,Pass
1002,Student_002,Female,Mechanical,85.5,4.6,56.6,81.7,88.8,7.9,24.4,78.7,B,Pass
1003,Student_003,Male,Mechanical,65.2,2.1,46.7,51.4,51.8,6.5,82.3,65.9,C,Pass
1004,Student_004,Male,IT,76.3,5.8,90.5,58.1,81.6,5.6,72.3,74.6,B,Pass
1005,Student_005,Male,CSE,79.4,5.7,63.2,57.1,81.4,6.5,66.0,83.1,A,Pass
1006,Student_006,Female,ECE,84.2,8.4,64.2,77.1,53.9,8.5,100.0,79.6,B,Pass
1007,Student_007,Male,AI&ML,86.5,3.9,87.9,100.0,81.5,6.4,57.9,79.1,B,Pass
1008,Student_008,Male,CSE,64.5,4.9,76.3,100.0,91.5,7.4,62.7,87.7,A,Pass
1009,Student_009,Male,AI&ML,59.6,4.9,74.8,84.6,54.3,6.1,100.0,81.5,A,Pass
1010,Student_010,Female,IT,93.3,7.3,100.0,82.5,57.2,7.9,55.0,85.4,A,Pass
1011,Student_011,Male,Civil,82.0,4.3,58.3,48.0,84.2,7.8,60.1,63.8,C,Pass
1012,Student_012,Male,AI&ML,69.0,5.0,81.9,66.9,73.8,9.2,67.4,77.8,B,Pass
1013,Student_013,Male,ECE,96.6,5.6,68.9,63.2,77.7,6.8,85.1,84.7,A,Pass
1014,Student_014,Male,Civil,79.4,4.8,72.0,65.7,74.8,7.8,73.7,82.9,A,Pass
1015,Student_015,Female,AI&ML,92.2,3.7,90.9,72.5,75.5,7.1,46.7,90.3,A+,Pass
1016,Student_016,Male,IT,78.8,4.8,75.6,67.9,51.4,8.6,60.4,73.1,B,Pass
1017,Student_017,Female,Civil,100.0,6.4,76.1,45.3,84.7,6.1,59.1,99.6,A+,Pass
1018,Student_018,Female,IT,99.1,2.7,84.1,86.2,86.4,7.9,68.6,89.7,A,Pass
1019,Student_019,Female,AI&ML,75.0,4.7,62.5,58.9,66.8,6.8,77.7,70.4,B,Pass
1020,Student_020,Male,IT,89.7,3.2,55.4,78.6,69.4,6.9,77.5,64.6,C,Pass
1021,Student_021,Female,ECE,85.7,6.7,52.3,100.0,48.6,7.1,38.0,76.8,B,Pass
1022,Student_022,Male,AI&ML,94.4,1.8,38.5,61.2,77.2,7.3,89.2,67.7,C,Pass
1023,Student_023,Female,AI&ML,66.4,3.5,98.8,37.0,78.0,6.9,74.5,80.7,A,Pass
1024,Student_024,Female,AI&ML,86.2,5.2,51.5,70.7,69.1,7.3,94.9,81.3,A,Pass
1025,Student_025,Female,CSE,90.7,7.3,64.7,91.5,85.7,8.9,78.0,85.2,A,Pass
1026,Student_026,Female,CSE,56.9,4.4,63.8,100.0,65.3,8.2,89.8,76.7,B,Pass
1027,Student_027,Female,CSE,63.8,3.5,72.6,56.6,77.9,8.0,78.4,76.5,B,Pass
1028,Student_028,Female,ECE,53.5,7.9,80.2,82.5,55.7,6.5,94.2,91.0,A+,Pass
1029,Student_029,Female,Civil,74.8,1.9,80.9,68.0,69.7,5.9,79.4,78.9,B,Pass
1030,Student_030,Female,IT,86.6,0.5,59.3,73.4,67.6,8.1,68.2,73.5,B,Pass
1031,Student_031,Male,Mechanical,96.0,5.3,65.5,100.0,73.2,8.1,100.0,90.5,A+,Pass
1032,Student_032,Male,AI&ML,78.9,3.6,72.2,52.5,64.8,8.8,86.0,74.8,B,Pass
1033,Student_033,Female,IT,97.5,2.7,64.3,78.8,68.2,6.3,80.3,87.2,A,Pass
1034,Student_034,Female,AI&ML,61.4,5.8,92.1,82.0,81.6,6.7,47.0,74.7,B,Pass
1035,Student_035,Female,ECE,57.6,4.9,75.4,91.3,63.9,5.0,46.8,72.6,B,Pass
1036,Student_036,Male,AI&ML,77.3,3.5,79.0,76.5,47.5,6.5,75.3,66.8,C,Pass
1037,Student_037,Female,CSE,82.6,2.2,77.9,79.6,94.5,8.2,72.6,85.3,A,Pass
1038,Student_038,Male,Mechanical,77.6,6.1,85.6,69.1,89.3,6.4,58.9,96.3,A+,Pass
1039,Student_039,Male,EEE,53.2,5.7,70.7,79.0,51.9,7.8,72.5,66.6,C,Pass
1040,Student_040,Male,AI&ML,76.9,4.3,48.5,69.9,79.7,6.8,98.6,59.1,D,Pass
1041,Student_041,Male,IT,62.3,7.8,74.0,84.3,63.0,7.4,82.5,79.7,B,Pass
1042,Student_042,Male,CSE,86.0,2.6,58.2,69.5,73.7,5.6,49.5,78.7,B,Pass
1043,Student_043,Female,EEE,82.4,1.8,60.1,80.7,74.1,7.1,68.0,76.8,B,Pass
1044,Student_044,Female,Mechanical,66.7,3.3,76.8,74.6,66.7,4.0,55.5,75.2,B,Pass
1045,Student_045,Female,EEE,71.8,4.4,86.6,91.9,59.0,6.8,63.0,77.4,B,Pass
1046,Student_046,Female,CSE,65.3,4.9,68.3,74.2,60.3,5.0,62.6,63.4,C,Pass
1047,Student_047,Female,Civil,77.2,4.1,72.6,48.4,57.2,8.4,61.4,72.5,B,Pass
1048,Student_048,Male,Civil,89.5,5.1,93.5,93.9,58.4,7.9,47.4,80.3,A,Pass
1049,Student_049,Female,EEE,66.2,2.2,71.6,61.4,69.1,7.6,67.7,82.7,A,Pass
1050,Student_050,Female,ECE,84.0,7.1,100.0,65.2,60.0,8.8,59.9,90.3,A+,Pass
1051,Student_051,Male,IT,71.6,4.4,76.5,66.1,79.5,5.9,17.3,71.5,B,Pass
1052,Student_052,Female,IT,68.5,6.5,41.6,95.6,90.8,9.1,100.0,80.4,A,Pass
1053,Student_053,Male,EEE,76.7,5.1,79.3,43.0,61.9,8.1,89.6,73.3,B,Pass
1054,Student_054,Female,AI&ML,65.6,5.3,73.7,100.0,73.4,6.7,63.2,80.6,A,Pass
1055,Student_055,Male,AI&ML,71.4,5.5,87.3,90.8,77.0,8.4,70.3,94.3,A+,Pass
1056,Student_056,Female,IT,63.6,5.3,78.1,78.3,76.6,5.7,48.9,80.2,A,Pass
1057,Student_057,Female,IT,100.0,5.7,65.9,74.2,71.1,6.0,100.0,81.7,A,Pass
1058,Student_058,Male,Civil,78.4,6.9,49.6,79.3,80.4,6.3,100.0,97.3,A+,Pass
1059,Student_059,Male,ECE,69.6,4.9,64.9,82.8,76.8,6.4,72.8,79.2,B,Pass
1060,Student_060,Male,CSE,80.6,5.8,55.2,84.7,52.7,5.7,88.4,82.2,A,Pass
1061,Student_061,Male,AI&ML,76.7,4.3,59.3,83.3,82.2,8.5,73.2,75.4,B,Pass
1062,Student_062,Male,IT,75.3,7.1,76.8,76.3,82.4,6.7,45.9,89.0,A,Pass
1063,Student_063,Male,Civil,85.4,3.3,93.0,72.0,59.3,7.4,62.6,80.3,A,Pass
1064,Student_064,Male,Mechanical,87.1,7.7,73.9,72.7,70.5,6.3,72.4,74.6,B,Pass
1065,Student_065,Male,Civil,71.6,4.4,50.1,72.1,79.6,4.8,61.8,87.7,A,Pass
1066,Student_066,Female,AI&ML,71.1,1.9,74.7,92.0,67.1,7.3,66.1,82.6,A,Pass
1067,Student_067,Female,AI&ML,74.7,4.7,85.9,83.9,85.0,4.7,68.4,83.2,A,Pass
1068,Student_068,Male,Civil,50.4,3.3,58.9,30.9,100.0,6.9,68.5,57.9,D,Pass
1069,Student_069,Female,CSE,59.8,6.0,66.0,84.8,59.0,5.4,70.9,77.3,B,Pass
1070,Student_070,Female,EEE,94.4,3.3,68.2,77.9,50.7,9.4,50.9,74.3,B,Pass
1071,Student_071,Female,AI&ML,97.7,3.7,56.2,74.7,74.3,8.1,57.1,81.2,A,Pass
1072,Student_072,Female,Civil,75.0,1.1,77.7,69.2,80.1,7.1,46.9,72.9,B,Pass
1073,Student_073,Male,IT,84.9,3.7,66.2,91.9,66.8,8.5,87.6,83.8,A,Pass
1074,Student_074,Female,Civil,81.7,0.5,74.3,89.2,90.3,6.0,32.1,86.8,A,Pass
1075,Student_075,Male,ECE,100.0,1.6,54.7,63.4,51.3,7.7,90.8,72.2,B,Pass
1076,Student_076,Female,EEE,91.4,5.9,61.4,81.1,79.7,7.2,95.0,80.0,A,Pass
1077,Student_077,Female,Mechanical,76.5,5.9,78.8,60.4,61.5,7.3,64.6,86.9,A,Pass
1078,Student_078,Female,CSE,66.5,5.3,62.4,54.3,94.1,8.5,23.1,86.7,A,Pass
1079,Student_079,Male,Mechanical,58.7,2.8,93.9,65.6,97.9,7.9,63.5,100.0,A+,Pass
1080,Student_080,Female,EEE,80.4,4.4,62.0,87.9,59.3,7.3,68.8,68.4,C,Pass
1081,Student_081,Male,EEE,68.9,4.5,71.4,89.3,62.3,5.0,51.8,77.3,B,Pass
1082,Student_082,Female,EEE,60.9,2.4,82.0,82.7,82.0,5.8,60.7,60.8,C,Pass
1083,Student_083,Male,Mechanical,70.2,7.2,46.7,85.9,64.6,6.9,97.5,83.1,A,Pass
1084,Student_084,Female,IT,65.0,6.1,41.6,82.7,69.4,7.1,82.0,70.5,B,Pass
1085,Student_085,Male,EEE,98.2,4.1,45.1,65.4,70.4,5.6,53.4,88.1,A,Pass
1086,Student_086,Male,Civil,88.6,4.5,86.9,81.5,43.1,9.9,41.2,71.5,B,Pass
1087,Student_087,Female,Mechanical,77.9,4.9,59.7,87.0,69.8,8.8,64.1,66.7,C,Pass
1088,Student_088,Male,EEE,95.8,0.8,100.0,86.3,60.3,7.7,66.2,76.3,B,Pass
1089,Student_089,Female,Civil,78.9,4.1,59.5,,63.1,7.1,78.9,63.2,C,Pass
1090,Student_090,Female,IT,67.7,3.3,70.8,85.6,90.2,6.7,60.4,84.6,A,Pass
1091,Student_091,Female,ECE,96.3,2.7,91.1,80.3,52.4,5.9,79.2,65.3,C,Pass
1092,Student_092,Female,IT,84.5,4.0,98.1,91.1,81.4,7.1,100.0,91.5,A+,Pass
1093,Student_093,Female,EEE,65.6,7.7,98.9,74.6,66.1,7.3,84.7,72.8,B,Pass
1094,Student_094,Female,Mechanical,75.7,5.7,86.1,61.8,66.1,5.5,69.1,77.5,B,Pass
1095,Student_095,Female,AI&ML,67.5,3.5,83.4,72.6,81.1,7.4,66.7,89.4,A,Pass
1096,Student_096,Female,EEE,61.4,5.5,76.9,63.8,74.8,6.8,63.6,78.7,B,Pass
1097,Student_097,Female,AI&ML,89.1,7.0,79.7,64.9,78.0,4.7,91.3,83.3,A,Pass
1098,Student_098,Female,Civil,100.0,6.2,59.7,72.8,83.6,6.0,58.7,87.3,A,Pass
1099,Student_099,Female,ECE,61.2,4.6,55.7,63.1,65.4,6.5,70.8,67.9,C,Pass
1100,Student_100,Male,CSE,84.8,3.3,67.9,70.4,61.4,9.3,70.9,76.9,B,Pass
1101,Student_101,Male,IT,70.2,5.8,65.4,46.6,54.8,7.7,61.0,59.0,D,Pass
1102,Student_102,Female,ECE,72.2,5.2,61.2,78.2,58.4,5.4,45.3,76.8,B,Pass
1103,Student_103,Female,EEE,70.9,6.1,78.4,75.0,100.0,7.6,75.8,70.2,B,Pass
1104,Student_104,Female,AI&ML,67.6,5.6,82.3,62.7,87.4,5.1,68.9,77.9,B,Pass
1105,Student_105,Female,IT,78.6,6.4,69.3,84.9,51.1,8.3,79.0,76.2,B,Pass
1106,Student_106,Female,AI&ML,68.0,3.5,90.2,89.1,51.5,6.4,60.4,79.1,B,Pass
1107,Student_107,Female,Mechanical,81.2,6.9,50.9,50.9,76.7,6.9,92.0,78.8,B,Pass
1108,Student_108,Female,AI&ML,77.4,4.9,65.1,63.6,77.7,8.6,54.2,66.9,C,Pass
1109,Student_109,Female,Mechanical,75.1,8.2,57.2,63.5,77.7,5.5,100.0,77.2,B,Pass
1110,Student_110,Male,Civil,67.1,3.3,40.0,60.9,66.4,5.3,38.5,62.9,C,Pass
1111,Student_111,Female,IT,71.1,7.6,66.8,87.4,68.2,6.3,77.8,84.0,A,Pass
1112,Student_112,Male,IT,87.1,4.9,66.2,72.1,74.6,8.2,78.6,77.3,B,Pass
1113,Student_113,Female,CSE,84.0,3.3,90.7,71.0,71.2,5.2,55.7,76.4,B,Pass
1114,Student_114,Female,EEE,66.3,3.6,77.5,44.9,38.9,4.0,77.6,66.6,C,Pass
1115,Student_115,Male,Mechanical,79.2,3.9,52.6,84.5,66.8,6.5,93.0,71.8,B,Pass
1116,Student_116,Female,CSE,87.0,5.3,95.8,56.4,58.1,7.7,30.1,78.1,B,Pass
1117,Student_117,Male,AI&ML,58.0,5.4,86.3,75.9,72.5,8.4,79.0,94.6,A+,Pass
1118,Student_118,Female,AI&ML,84.5,3.5,76.7,79.2,100.0,6.4,25.1,74.7,B,Pass
1119,Student_119,Female,CSE,70.0,4.5,64.6,95.4,75.1,6.5,52.6,65.9,C,Pass
1120,Student_120,Male,IT,84.8,8.4,53.6,55.4,65.6,8.4,99.3,87.2,A,Pass
1121,Student_121,Female,AI&ML,68.8,7.6,62.4,29.7,82.9,4.8,59.5,70.7,B,Pass
1122,Student_122,Male,Civil,56.3,5.3,84.3,77.8,76.8,6.5,48.9,76.0,B,Pass
1123,Student_123,Female,Civil,58.5,4.6,96.3,100.0,75.9,7.2,66.4,78.8,B,Pass
1124,Student_124,Male,CSE,78.6,4.7,91.1,93.6,78.5,7.5,100.0,87.9,A,Pass
1125,Student_125,Male,Mechanical,81.1,5.6,60.7,78.1,98.8,6.4,37.0,96.5,A+,Pass
1126,Student_126,Female,Mechanical,67.1,2.7,51.2,67.6,54.2,7.0,51.1,66.8,C,Pass
1127,Student_127,Female,CSE,85.7,4.0,70.1,87.1,76.6,4.0,97.0,90.0,A+,Pass
1128,Student_128,Male,Mechanical,58.1,1.5,41.5,60.4,57.0,6.2,100.0,46.3,F,Fail
1129,Student_129,Female,IT,77.2,5.2,72.8,82.1,77.8,7.5,68.1,74.9,B,Pass
1130,Student_130,Female,IT,63.5,5.7,65.8,82.6,57.1,5.8,47.7,53.2,D,Pass
1131,Student_131,Female,Mechanical,70.2,3.6,61.0,90.9,64.2,7.1,100.0,69.4,C,Pass
1132,Student_132,Male,Civil,78.6,7.3,44.1,100.0,65.9,7.5,98.7,90.6,A+,Pass
1133,Student_133,Male,Mechanical,67.7,2.3,75.7,80.9,83.7,6.6,82.2,80.3,A,Pass
1134,Student_134,Male,IT,73.4,1.9,60.0,67.4,82.9,7.2,55.4,68.6,C,Pass
1135,Student_135,Male,ECE,90.1,4.9,50.5,74.6,52.6,5.8,69.1,73.3,B,Pass
1136,Student_136,Male,EEE,71.1,6.4,25.0,48.5,70.8,6.8,67.1,61.8,C,Pass
1137,Student_137,Male,AI&ML,88.0,7.5,67.6,64.6,60.1,7.7,76.0,83.9,A,Pass
1138,Student_138,Male,ECE,64.4,3.7,94.6,68.9,52.4,7.2,96.1,78.8,B,Pass
1139,Student_139,Male,Mechanical,84.4,6.4,92.9,67.1,67.0,6.3,85.8,75.6,B,Pass
1140,Student_140,Male,Civil,95.3,4.4,61.1,77.3,65.7,7.3,50.6,80.7,A,Pass
1141,Student_141,Female,CSE,48.3,4.2,59.0,62.7,100.0,7.9,94.8,80.7,A,Pass
1142,Student_142,Male,Mechanical,68.4,6.1,75.0,91.8,76.1,4.5,75.6,81.9,A,Pass
1143,Student_143,Female,Civil,84.9,5.7,53.0,75.0,50.7,8.4,82.4,79.6,B,Pass
1144,Student_144,Female,EEE,75.6,1.7,72.5,74.9,62.1,6.6,96.4,90.7,A+,Pass
1145,Student_145,Female,Mechanical,82.5,7.2,79.5,70.1,84.3,7.5,50.0,87.8,A,Pass
1146,Student_146,Male,IT,70.8,7.0,86.4,77.3,99.2,8.4,69.4,95.3,A+,Pass
1147,Student_147,Male,CSE,79.0,3.4,66.5,87.4,47.8,5.4,60.4,66.1,C,Pass
1148,Student_148,Male,Civil,76.1,5.2,64.9,62.0,43.7,6.1,41.8,68.9,C,Pass
1149,Student_149,Male,Civil,92.0,5.4,54.8,65.1,96.2,6.7,76.2,88.6,A,Pass
1150,Student_150,Female,Civil,81.1,5.0,55.6,70.4,75.5,6.1,100.0,80.3,A,Pass
1151,Student_151,Male,EEE,82.1,3.5,64.6,54.8,57.8,9.1,36.9,60.2,C,Pass
1152,Student_152,Male,Mechanical,73.1,3.3,73.5,62.7,77.5,6.0,69.4,75.8,B,Pass
1153,Student_153,Male,EEE,72.1,4.5,81.7,67.9,33.1,6.3,81.5,79.1,B,Pass
1154,Student_154,Male,AI&ML,72.8,6.6,56.0,88.1,70.0,7.2,72.2,84.0,A,Pass
1155,Student_155,Male,AI&ML,82.7,5.5,90.4,78.9,74.6,5.6,68.0,93.8,A+,Pass
1156,Student_156,Female,Mechanical,72.9,3.8,63.9,77.9,82.9,6.5,46.6,74.8,B,Pass
1157,Student_157,Male,IT,81.5,5.9,67.7,87.8,55.8,7.4,74.2,85.6,A,Pass
1158,Student_158,Female,EEE,,0.5,56.8,72.9,71.2,6.6,56.4,73.2,B,Pass
1159,Student_159,Male,CSE,88.5,6.6,31.6,80.9,57.0,6.9,30.6,66.7,C,Pass
1160,Student_160,Female,Civil,74.1,1.4,81.3,73.5,73.6,6.4,91.5,76.3,B,Pass
1161,Student_161,Male,Civil,92.4,3.8,79.1,79.0,57.5,5.2,87.3,73.3,B,Pass
1162,Student_162,Male,Mechanical,73.1,2.5,63.8,66.3,64.3,7.4,70.9,63.7,C,Pass
1163,Student_163,Female,IT,53.5,2.2,69.0,38.4,56.1,9.1,74.1,58.0,D,Pass
1164,Student_164,Female,AI&ML,65.9,6.6,75.7,73.0,79.1,7.0,89.3,85.6,A,Pass
1165,Student_165,Female,AI&ML,55.6,3.7,44.6,96.3,82.0,7.3,74.0,64.2,C,Pass
1166,Student_166,Male,Civil,73.8,5.1,60.1,88.9,66.7,7.8,86.3,86.1,A,Pass
1167,Student_167,Female,Mechanical,78.2,4.4,79.9,89.5,70.5,5.5,64.6,86.2,A,Pass
1168,Student_168,Male,EEE,98.1,5.4,49.2,93.5,49.7,9.0,93.6,75.2,B,Pass
1169,Student_169,Male,AI&ML,81.9,4.6,72.4,76.3,65.8,7.2,75.8,68.3,C,Pass
1170,Student_170,Female,EEE,75.4,2.2,47.7,78.0,69.3,9.0,73.5,67.3,C,Pass
1171,Student_171,Female,IT,88.0,6.3,75.0,65.7,100.0,6.1,47.1,86.9,A,Pass
1172,Student_172,Male,AI&ML,51.5,3.6,67.5,70.3,54.4,9.2,75.2,65.1,C,Pass
1173,Student_173,Male,AI&ML,80.8,1.7,43.8,84.2,90.5,7.9,55.0,70.7,B,Pass
1174,Student_174,Female,ECE,87.3,3.7,85.5,93.1,84.0,7.7,58.5,73.7,B,Pass
1175,Student_175,Female,AI&ML,60.3,7.2,57.0,72.9,73.9,7.3,55.3,74.0,B,Pass
1176,Student_176,Female,CSE,91.7,6.0,55.8,68.2,94.6,6.7,50.8,83.6,A,Pass
1177,Student_177,Male,Mechanical,82.1,3.9,71.0,75.0,75.2,8.4,100.0,85.0,A,Pass
1178,Student_178,Male,Mechanical,73.0,3.9,85.2,84.0,75.4,7.2,94.0,77.7,B,Pass
1179,Student_179,Male,EEE,85.6,3.9,52.8,53.3,69.3,4.6,100.0,84.2,A,Pass
1180,Student_180,Male,IT,100.0,8.2,68.9,40.6,87.1,5.7,48.0,74.9,B,Pass
1181,Student_181,Male,AI&ML,80.2,5.2,74.4,66.7,85.4,6.8,71.3,92.5,A+,Pass
1182,Student_182,Male,CSE,81.0,5.3,78.4,56.7,61.2,7.4,46.7,73.9,B,Pass
1183,Student_183,Female,EEE,72.5,6.4,70.6,67.4,51.5,6.9,57.5,80.2,A,Pass
1184,Student_184,Male,ECE,67.8,4.9,62.5,72.8,67.2,8.5,53.5,73.4,B,Pass
1185,Student_185,Male,EEE,88.0,4.0,55.6,68.2,58.8,4.7,92.3,81.5,A,Pass
1186,Student_186,Male,EEE,67.7,4.1,69.3,96.8,69.1,7.2,62.9,74.9,B,Pass
1187,Student_187,Female,AI&ML,78.9,4.4,51.9,79.9,87.3,4.8,89.2,72.8,B,Pass
1188,Student_188,Male,ECE,72.3,4.4,25.0,79.5,63.6,7.9,80.9,77.0,B,Pass
1189,Student_189,Male,EEE,83.7,5.8,74.5,84.3,69.4,6.9,100.0,85.3,A,Pass
1190,Student_190,Female,CSE,82.0,4.6,81.6,57.9,70.8,7.5,43.4,78.8,B,Pass
1191,Student_191,Male,CSE,90.5,5.8,32.6,90.6,81.9,6.0,92.7,92.0,A+,Pass
1192,Student_192,Male,Mechanical,71.9,4.4,52.9,73.9,38.5,8.5,90.6,58.5,D,Pass
1193,Student_193,Male,ECE,74.8,4.6,77.3,85.1,61.5,8.3,52.5,81.8,A,Pass
1194,Student_194,Male,ECE,66.3,0.9,98.9,58.9,73.0,7.7,88.1,67.5,C,Pass
1195,Student_195,Male,Mechanical,72.7,6.1,68.3,51.7,86.8,6.8,76.1,79.1,B,Pass
1196,Student_196,Female,EEE,82.5,5.1,57.1,87.3,63.1,7.7,65.9,78.6,B,Pass
1197,Student_197,Female,ECE,87.1,6.3,65.3,80.6,43.7,6.2,55.2,66.4,C,Pass
1198,Student_198,Female,CSE,,0.5,88.6,61.5,78.7,8.0,57.1,63.7,C,Pass
1199,Student_199,Male,CSE,88.4,8.3,58.3,62.0,61.1,9.0,100.0,92.9,A+,Pass
1200,Student_200,Male,AI&ML,94.3,4.2,56.0,91.9,53.3,8.3,70.0,83.6,A,Pass
1201,Student_201,Male,ECE,83.0,6.5,60.8,57.2,61.3,6.1,84.1,76.6,B,Pass
1202,Student_202,Female,EEE,100.0,2.6,53.7,99.6,67.4,7.4,55.8,80.7,A,Pass
1203,Student_203,Male,Mechanical,68.7,5.6,69.8,61.5,61.5,5.4,56.0,70.6,B,Pass
1204,Student_204,Male,Mechanical,63.1,2.6,92.4,84.6,39.1,7.7,89.5,78.9,B,Pass
1205,Student_205,Female,EEE,56.7,3.4,72.8,70.1,82.6,7.5,45.7,70.4,B,Pass
1206,Student_206,Male,IT,96.0,7.9,64.2,84.0,87.8,4.8,62.5,96.0,A+,Pass
1207,Student_207,Female,Civil,85.9,4.2,63.6,66.8,79.1,5.6,70.6,86.8,A,Pass
1208,Student_208,Female,AI&ML,77.3,4.9,44.6,72.6,54.1,6.7,72.0,63.8,C,Pass
1209,Student_209,Female,Mechanical,81.4,6.1,81.2,75.6,67.2,6.6,66.8,94.7,A+,Pass
1210,Student_210,Male,ECE,64.5,5.4,66.8,60.0,69.9,5.5,77.1,62.8,C,Pass
1211,Student_211,Male,AI&ML,100.0,4.8,65.3,86.1,78.4,7.5,82.5,99.3,A+,Pass
1212,Student_212,Male,ECE,79.6,5.2,100.0,67.3,79.4,7.3,83.2,84.9,A,Pass
1213,Student_213,Male,IT,79.3,8.8,72.5,71.6,59.7,6.8,52.3,82.4,A,Pass
1214,Student_214,Male,CSE,86.7,4.4,56.7,60.1,71.1,6.1,64.9,61.3,C,Pass
1215,Student_215,Male,AI&ML,83.8,4.9,61.6,36.6,76.4,8.3,91.5,71.1,B,Pass
1216,Student_216,Male,Mechanical,80.7,6.4,85.2,72.1,90.4,9.0,86.1,83.9,A,Pass
1217,Student_217,Female,AI&ML,68.5,6.5,69.7,100.0,79.9,6.4,45.3,81.4,A,Pass
1218,Student_218,Male,AI&ML,83.7,6.6,46.4,86.8,81.0,6.3,76.3,83.5,A,Pass
1219,Student_219,Female,AI&ML,100.0,5.6,81.8,74.7,71.2,7.6,34.4,93.4,A+,Pass
1220,Student_220,Male,Civil,94.1,2.4,58.0,71.1,89.7,6.6,70.8,80.6,A,Pass
1221,Student_221,Male,AI&ML,97.1,7.4,96.1,75.3,75.7,6.8,100.0,99.4,A+,Pass
1222,Student_222,Male,ECE,71.9,2.4,84.2,,57.9,7.9,52.9,64.5,C,Pass
1223,Student_223,Female,CSE,66.1,5.0,61.3,57.3,89.6,4.7,55.0,69.1,C,Pass
1224,Student_224,Female,IT,76.5,3.1,87.2,91.7,79.8,8.6,83.8,96.6,A+,Pass
1225,Student_225,Female,EEE,78.7,4.4,69.0,85.7,63.8,7.1,42.2,71.5,B,Pass
1226,Student_226,Female,AI&ML,91.1,5.1,80.8,85.8,63.3,6.5,58.6,95.9,A+,Pass
1227,Student_227,Male,Mechanical,57.7,5.1,75.3,81.6,74.2,6.9,80.7,76.3,B,Pass
1228,Student_228,Female,AI&ML,96.4,5.3,55.3,75.3,76.5,7.0,58.6,82.4,A,Pass
1229,Student_229,Male,Mechanical,76.1,7.4,58.3,85.1,72.8,4.9,65.8,91.3,A+,Pass
1230,Student_230,Male,ECE,72.9,5.3,83.4,83.9,74.4,8.8,83.4,93.3,A+,Pass
1231,Student_231,Female,Mechanical,65.9,4.1,63.0,69.7,93.8,7.0,77.6,77.2,B,Pass
1232,Student_232,Female,EEE,58.1,6.2,61.9,66.4,85.0,7.5,74.8,74.8,B,Pass
1233,Student_233,Female,CSE,87.9,6.6,53.7,76.5,72.7,8.1,63.9,82.0,A,Pass
1234,Student_234,Female,Mechanical,78.9,2.3,74.4,98.2,83.2,5.8,76.7,84.3,A,Pass
1235,Student_235,Female,Mechanical,62.5,5.6,98.9,56.4,55.5,7.6,67.8,81.4,A,Pass
1236,Student_236,Female,CSE,62.5,5.8,52.0,53.0,75.6,6.7,78.2,71.2,B,Pass
1237,Student_237,Female,EEE,74.0,4.0,68.4,77.5,95.3,8.0,61.1,86.1,A,Pass
1238,Student_238,Female,AI&ML,98.0,7.0,89.2,75.8,66.9,4.4,66.7,100.0,A+,Pass
1239,Student_239,Male,Mechanical,74.9,4.2,66.8,77.6,58.1,6.9,52.2,75.1,B,Pass
1240,Student_240,Female,CSE,60.0,4.7,74.8,78.7,60.9,6.3,69.4,75.3,B,Pass
1241,Student_241,Female,ECE,75.1,4.2,52.1,71.7,54.7,7.5,55.4,57.2,D,Pass
1242,Student_242,Male,CSE,74.7,4.5,74.4,97.3,59.0,7.6,49.9,59.8,D,Pass
1243,Student_243,Female,ECE,45.6,2.5,65.2,51.0,64.8,6.2,74.7,61.8,C,Pass
1244,Student_244,Male,EEE,77.3,1.9,82.8,62.6,50.3,6.1,73.8,66.9,C,Pass
1245,Student_245,Male,AI&ML,75.2,7.4,85.8,73.5,70.2,6.9,84.1,83.6,A,Pass
1246,Student_246,Female,CSE,86.4,,100.0,50.4,82.6,5.9,62.2,82.7,A,Pass
1247,Student_247,Male,IT,100.0,2.7,76.7,72.4,57.3,8.0,77.3,77.1,B,Pass
1248,Student_248,Male,IT,91.5,0.6,72.9,99.9,91.3,6.6,79.9,91.5,A+,Pass
1249,Student_249,Male,Civil,74.8,3.3,70.9,75.3,77.2,4.0,78.0,77.5,B,Pass
1250,Student_250,Male,Mechanical,64.7,2.1,62.7,78.5,84.4,6.6,55.1,66.1,C,Pass
1251,Student_251,Female,EEE,100.0,7.5,73.1,56.1,60.8,5.8,72.7,92.0,A+,Pass
1252,Student_252,Male,CSE,78.7,6.3,63.6,65.8,82.0,5.0,76.6,80.9,A,Pass
1253,Student_253,Female,IT,78.2,3.3,70.5,69.4,54.7,5.5,70.1,74.3,B,Pass
1254,Student_254,Male,Mechanical,77.7,8.6,87.8,70.2,82.5,7.1,32.4,87.4,A,Pass
1255,Student_255,Male,IT,80.4,6.3,52.9,94.2,72.4,8.6,72.9,78.7,B,Pass
1256,Student_256,Male,CSE,76.3,3.9,85.1,83.4,77.7,7.4,100.0,84.7,A,Pass
1257,Student_257,Male,ECE,71.1,0.5,87.8,58.3,53.5,6.3,63.5,63.6,C,Pass
1258,Student_258,Female,CSE,71.4,8.6,66.2,78.7,57.5,7.5,56.9,84.8,A,Pass
1259,Student_259,Female,Civil,77.6,2.0,36.2,82.5,78.4,6.4,76.7,67.4,C,Pass
1260,Student_260,Male,CSE,71.5,1.5,58.9,92.1,56.7,6.2,75.6,54.6,D,Pass
1261,Student_261,Male,CSE,69.4,6.3,87.5,98.7,76.5,5.6,91.5,87.1,A,Pass
1262,Student_262,Female,Civil,79.3,8.9,67.7,59.8,50.9,4.9,47.4,84.4,A,Pass
1263,Student_263,Male,EEE,74.9,7.0,53.0,62.8,81.9,6.5,83.2,78.6,B,Pass
1264,Student_264,Male,CSE,96.0,5.5,60.4,56.1,52.7,7.2,80.6,73.8,B,Pass
1265,Student_265,Male,Civil,46.2,5.6,80.6,71.5,77.7,6.9,67.4,82.6,A,Pass
1266,Student_266,Female,Mechanical,91.1,6.0,76.2,82.0,78.8,6.5,76.1,84.5,A,Pass
1267,Student_267,Female,ECE,93.0,5.9,64.4,89.8,60.2,5.9,88.5,73.9,B,Pass
1268,Student_268,Female,ECE,53.1,5.0,62.5,73.9,78.1,7.7,85.7,72.8,B,Pass
1269,Student_269,Male,CSE,73.9,4.7,62.1,70.2,73.6,5.4,49.4,71.4,B,Pass
1270,Student_270,Male,EEE,73.5,4.4,54.2,77.3,62.5,7.9,84.8,65.9,C,Pass
1271,Student_271,Female,EEE,61.1,3.1,92.2,62.5,55.9,5.8,68.8,68.0,C,Pass
1272,Student_272,Female,Mechanical,68.7,4.0,63.2,100.0,42.5,6.1,71.3,74.2,B,Pass
1273,Student_273,Female,CSE,64.7,1.5,86.3,50.9,74.9,5.2,71.3,68.1,C,Pass
1274,Student_274,Female,ECE,99.0,4.3,90.8,77.8,48.1,6.4,67.3,83.9,A,Pass
1275,Student_275,Male,EEE,89.2,2.7,83.0,100.0,71.3,8.2,91.5,97.9,A+,Pass
1276,Student_276,Female,CSE,93.3,2.5,61.5,75.1,66.3,7.6,68.5,72.2,B,Pass
1277,Student_277,Male,IT,86.7,4.8,74.1,72.1,79.5,8.2,49.8,84.3,A,Pass
1278,Student_278,Female,EEE,64.5,7.0,67.6,69.6,65.8,7.6,62.9,73.6,B,Pass
1279,Student_279,Male,Civil,71.7,,54.4,72.3,65.4,5.7,73.2,69.5,C,Pass
1280,Student_280,Female,IT,83.9,1.7,72.9,95.6,80.2,6.6,92.1,77.1,B,Pass
1281,Student_281,Female,EEE,63.3,2.7,50.3,41.8,74.7,6.1,80.9,58.7,D,Pass
1282,Student_282,Female,ECE,86.6,6.2,85.8,98.0,74.4,8.6,54.7,93.9,A+,Pass
1283,Student_283,Female,AI&ML,75.1,2.7,61.0,53.6,76.6,5.6,100.0,87.2,A,Pass
1284,Student_284,Male,IT,73.5,4.1,71.0,71.0,48.5,8.1,74.8,65.2,C,Pass
1285,Student_285,Female,Mechanical,86.5,5.5,72.2,68.6,80.6,8.1,93.0,82.4,A,Pass
1286,Student_286,Male,Mechanical,83.3,2.8,64.1,83.8,78.6,9.2,67.3,77.5,B,Pass
1287,Student_287,Male,ECE,73.7,4.7,76.8,51.0,55.8,6.5,79.6,74.0,B,Pass
1288,Student_288,Male,EEE,91.9,2.1,60.9,81.9,66.6,7.9,85.1,77.3,B,Pass
1289,Student_289,Male,CSE,65.0,3.4,81.1,100.0,69.4,9.7,91.9,88.9,A,Pass
1290,Student_290,Female,EEE,85.4,,47.8,54.6,68.1,6.3,89.0,56.4,D,Pass
1291,Student_291,Male,ECE,85.1,1.6,69.9,77.8,74.7,5.2,85.7,59.0,D,Pass
1292,Student_292,Male,Mechanical,74.3,5.3,97.1,65.1,90.0,4.7,64.3,83.6,A,Pass
1293,Student_293,Male,EEE,81.9,4.5,53.0,81.4,85.1,7.9,59.7,87.6,A,Pass
1294,Student_294,Female,Mechanical,63.0,5.5,57.8,75.3,51.6,4.7,76.0,58.7,D,Pass
1295,Student_295,Female,IT,89.1,4.9,75.7,65.4,78.7,6.6,86.8,62.9,C,Pass
1296,Student_296,Female,CSE,75.8,7.0,70.7,82.3,88.6,7.5,66.0,92.8,A+,Pass
1297,Student_297,Female,IT,71.7,4.7,73.3,100.0,75.4,7.2,89.2,85.9,A,Pass
1298,Student_298,Male,Mechanical,90.6,3.7,75.3,72.1,85.3,7.5,96.1,77.3,B,Pass
1299,Student_299,Male,Mechanical,69.5,4.7,77.5,85.8,98.2,7.3,53.5,79.0,B,Pass
1300,Student_300,Female,AI&ML,61.1,5.5,84.6,55.6,84.3,8.5,54.9,71.3,B,Pass
1301,Student_301,Male,AI&ML,59.3,4.6,74.1,60.7,73.5,5.9,67.5,73.2,B,Pass
1302,Student_302,Male,IT,85.3,4.6,64.4,82.1,84.6,6.2,75.5,79.6,B,Pass
1303,Student_303,Male,Civil,62.6,3.2,78.1,97.3,72.0,6.1,60.6,80.3,A,Pass
1304,Student_304,Female,IT,99.1,3.3,96.5,80.3,70.3,8.0,94.3,68.1,C,Pass
1305,Student_305,Female,AI&ML,53.0,2.0,66.0,70.3,65.1,8.1,77.6,57.7,D,Pass
1306,Student_306,Male,Mechanical,98.4,7.6,53.4,75.0,91.9,7.5,70.7,84.1,A,Pass
1307,Student_307,Female,ECE,80.5,2.3,84.6,56.2,58.5,8.4,44.2,67.3,C,Pass
1308,Student_308,Female,IT,76.8,3.3,66.2,84.1,91.5,5.6,46.3,76.3,B,Pass
1309,Student_309,Female,Mechanical,71.5,3.2,35.4,88.2,77.0,9.0,75.1,76.5,B,Pass
1310,Student_310,Female,ECE,82.8,6.1,80.7,68.2,50.4,8.8,31.6,63.7,C,Pass
1311,Student_311,Female,ECE,77.5,4.0,60.0,67.9,75.1,7.9,88.2,75.9,B,Pass
1312,Student_312,Male,AI&ML,91.2,6.7,66.6,79.0,40.6,9.1,67.2,82.5,A,Pass
1313,Student_313,Female,IT,79.4,3.3,73.0,68.4,78.8,5.0,100.0,91.7,A+,Pass
1314,Student_314,Male,EEE,79.8,5.0,70.9,74.0,82.4,6.4,100.0,80.7,A,Pass
1315,Student_315,Male,CSE,73.6,3.0,78.6,100.0,61.7,6.1,66.7,79.8,B,Pass
1316,Student_316,Female,AI&ML,77.3,8.4,61.5,71.3,71.7,7.9,68.1,71.6,B,Pass
1317,Student_317,Male,AI&ML,81.7,2.4,75.7,69.6,97.4,5.7,87.9,65.4,C,Pass
1318,Student_318,Male,EEE,57.5,5.1,64.1,65.3,62.9,7.9,100.0,76.8,B,Pass
1319,Student_319,Male,CSE,61.8,5.6,79.1,86.2,55.2,8.6,40.5,74.9,B,Pass
1320,Student_320,Female,Mechanical,86.9,5.2,77.2,72.3,90.7,7.8,37.8,94.4,A+,Pass
1321,Student_321,Female,Civil,80.1,4.2,54.0,65.3,97.5,7.3,58.8,69.5,C,Pass
1322,Student_322,Male,IT,75.8,4.3,84.3,94.8,70.1,5.8,80.5,87.5,A,Pass
1323,Student_323,Female,Civil,78.2,4.6,60.0,96.3,84.2,6.0,78.9,97.1,A+,Pass
1324,Student_324,Female,Mechanical,82.2,4.2,80.1,66.0,88.8,8.5,89.3,87.3,A,Pass
1325,Student_325,Female,AI&ML,71.5,6.2,73.5,47.0,59.6,7.9,48.4,73.9,B,Pass
1326,Student_326,Female,CSE,68.7,8.5,95.6,90.1,63.2,7.0,28.3,88.5,A,Pass
1327,Student_327,Male,AI&ML,80.4,3.5,64.6,64.7,87.2,6.5,85.4,67.4,C,Pass
1328,Student_328,Male,ECE,66.3,2.0,62.8,86.9,93.6,4.6,55.1,84.8,A,Pass
1329,Student_329,Female,AI&ML,82.9,4.3,67.7,45.4,77.9,5.7,33.7,68.8,C,Pass
1330,Student_330,Female,AI&ML,57.6,9.1,63.5,88.4,57.7,9.3,72.6,84.6,A,Pass
1331,Student_331,Male,Mechanical,90.3,3.1,80.0,56.8,97.8,5.5,84.3,73.3,B,Pass
1332,Student_332,Male,Mechanical,83.7,7.5,43.8,86.0,62.6,7.2,67.8,72.4,B,Pass
1333,Student_333,Female,Mechanical,81.1,7.5,52.2,75.2,65.3,8.2,61.8,90.2,A+,Pass
1334,Student_334,Male,Civil,89.8,3.5,52.0,60.7,74.8,5.5,67.1,71.1,B,Pass
1335,Student_335,Female,ECE,98.0,5.5,82.3,68.9,91.8,7.2,63.3,100.0,A+,Pass
1336,Student_336,Female,Mechanical,90.2,7.4,93.7,85.3,82.0,8.1,45.7,95.2,A+,Pass
1337,Student_337,Male,CSE,55.9,3.8,66.4,76.6,75.8,7.0,57.1,58.3,D,Pass
1338,Student_338,Male,Civil,62.6,4.1,65.5,83.8,76.5,10.0,79.4,82.2,A,Pass
1339,Student_339,Female,EEE,70.5,3.5,69.1,100.0,70.6,5.0,75.8,74.5,B,Pass
1340,Student_340,Female,CSE,78.3,2.7,85.4,51.5,77.8,8.3,73.0,79.9,B,Pass
1341,Student_341,Male,IT,84.2,3.3,54.1,99.3,34.6,6.8,52.1,68.4,C,Pass
1342,Student_342,Female,IT,69.3,2.3,71.6,76.6,65.8,7.9,66.7,59.5,D,Pass
1343,Student_343,Male,CSE,80.2,4.6,82.6,61.5,73.4,7.5,30.8,78.8,B,Pass
1344,Student_344,Female,Mechanical,68.9,3.1,75.5,55.0,53.9,6.1,73.2,81.6,A,Pass
1345,Student_345,Male,EEE,70.7,4.9,70.8,72.2,75.4,7.3,95.7,82.7,A,Pass
1346,Student_346,Male,EEE,61.1,1.7,83.0,88.8,67.1,4.8,43.5,70.1,B,Pass
1347,Student_347,Male,Civil,66.9,5.1,27.5,73.1,94.6,7.7,59.5,80.8,A,Pass
1348,Student_348,Female,EEE,61.8,6.0,78.2,97.7,92.0,7.4,75.9,90.1,A+,Pass
1349,Student_349,Female,IT,66.3,0.9,58.2,53.2,63.5,7.8,92.6,61.7,C,Pass
1350,Student_350,Male,ECE,90.6,5.2,40.5,74.8,67.9,8.3,61.9,68.1,C,Pass
1351,Student_351,Female,Mechanical,66.6,6.7,75.7,56.2,69.0,7.4,57.5,78.4,B,Pass
1352,Student_352,Male,EEE,100.0,2.3,88.6,80.5,63.7,7.2,34.6,87.2,A,Pass
1353,Student_353,Male,Civil,83.9,7.5,65.9,88.3,72.7,5.9,71.9,82.5,A,Pass
1354,Student_354,Female,IT,80.2,5.3,82.3,68.7,59.4,6.1,100.0,90.4,A+,Pass
1355,Student_355,Female,ECE,67.7,3.2,92.2,35.9,54.2,8.4,75.0,65.5,C,Pass
1356,Student_356,Male,AI&ML,86.4,4.4,87.7,78.0,78.7,8.7,69.6,79.8,B,Pass
1357,Student_357,Female,AI&ML,71.1,5.5,92.6,81.6,78.8,6.7,75.8,93.6,A+,Pass
1358,Student_358,Female,ECE,79.5,4.6,79.1,81.1,58.7,7.1,69.8,76.6,B,Pass
1359,Student_359,Male,IT,100.0,5.5,69.1,93.5,82.5,5.9,55.4,96.5,A+,Pass
1360,Student_360,Male,Civil,76.8,2.8,44.0,58.9,61.2,8.4,84.8,62.3,C,Pass
1361,Student_361,Female,ECE,91.8,4.8,64.3,85.2,73.5,7.8,74.1,83.4,A,Pass
1362,Student_362,Male,Mechanical,69.6,2.0,55.4,92.9,81.5,9.3,70.3,76.9,B,Pass
1363,Student_363,Male,Mechanical,77.6,4.3,100.0,48.3,69.5,5.9,52.4,79.6,B,Pass
1364,Student_364,Female,AI&ML,99.2,2.9,65.4,79.8,76.4,6.5,93.5,68.4,C,Pass
1365,Student_365,Male,EEE,70.5,3.2,69.8,67.4,62.8,7.3,82.0,62.7,C,Pass
1366,Student_366,Male,Civil,99.7,6.7,76.3,73.8,67.2,7.8,60.0,94.5,A+,Pass
1367,Student_367,Female,AI&ML,86.5,6.5,68.7,80.2,67.1,6.7,88.0,84.4,A,Pass
1368,Student_368,Female,EEE,71.3,5.6,93.4,67.7,59.5,6.0,61.0,75.3,B,Pass
1369,Student_369,Male,EEE,85.6,2.5,58.7,64.9,67.5,8.1,55.9,60.5,C,Pass
1370,Student_370,Male,Mechanical,89.7,3.9,70.9,75.5,48.3,7.9,56.3,66.1,C,Pass
1371,Student_371,Female,IT,85.5,6.7,56.9,58.7,63.1,5.9,38.1,61.6,C,Pass
1372,Student_372,Female,CSE,59.2,4.8,48.2,58.7,66.0,8.6,78.5,65.3,C,Pass
1373,Student_373,Female,IT,69.3,8.7,58.8,85.2,66.4,8.4,37.0,77.8,B,Pass
1374,Student_374,Female,CSE,75.0,5.2,67.4,57.8,66.6,7.2,47.9,66.4,C,Pass
1375,Student_375,Male,ECE,77.1,4.8,61.6,85.0,69.1,7.1,32.6,75.9,B,Pass
1376,Student_376,Female,Mechanical,85.4,3.9,57.6,81.9,76.7,7.7,68.5,81.3,A,Pass
1377,Student_377,Female,EEE,80.1,4.7,46.9,49.1,82.2,6.0,67.3,87.2,A,Pass
1378,Student_378,Male,Civil,62.0,4.2,66.8,64.8,60.9,7.0,64.1,57.6,D,Pass
1379,Student_379,Female,CSE,82.6,5.8,45.4,92.9,53.2,4.4,51.2,83.2,A,Pass
1380,Student_380,Male,IT,85.3,6.2,79.4,60.3,55.4,8.1,48.9,84.8,A,Pass
1381,Student_381,Female,EEE,84.7,3.1,69.2,68.0,63.2,5.1,78.4,68.3,C,Pass
1382,Student_382,Female,CSE,91.0,2.1,46.1,81.9,65.1,8.8,60.1,72.0,B,Pass
1383,Student_383,Female,CSE,88.0,1.2,63.4,86.8,59.2,6.6,75.7,68.3,C,Pass
1384,Student_384,Male,CSE,83.5,5.4,56.7,71.2,51.9,6.7,54.1,73.9,B,Pass
1385,Student_385,Male,Civil,77.2,2.5,72.8,66.0,63.6,6.2,73.3,81.4,A,Pass
1386,Student_386,Female,Mechanical,58.1,0.6,88.1,96.3,72.5,6.7,93.5,77.8,B,Pass
1387,Student_387,Male,Civil,83.2,5.2,39.9,100.0,78.3,8.7,80.6,85.4,A,Pass
1388,Student_388,Male,AI&ML,80.5,9.0,69.7,89.7,62.2,4.0,62.6,85.7,A,Pass
1389,Student_389,Male,EEE,81.3,4.5,65.6,76.3,64.2,8.5,74.6,66.5,C,Pass
1390,Student_390,Male,Mechanical,62.7,6.0,78.1,62.9,57.0,7.4,65.7,71.9,B,Pass
1391,Student_391,Male,Mechanical,65.0,4.6,71.2,62.5,69.6,5.6,70.1,81.2,A,Pass
1392,Student_392,Male,Mechanical,90.6,4.3,56.7,82.8,58.1,5.7,64.1,65.4,C,Pass
1393,Student_393,Female,IT,77.5,6.2,63.2,81.3,78.0,9.0,67.0,75.8,B,Pass
1394,Student_394,Female,Mechanical,86.2,4.0,56.1,96.0,45.0,5.9,73.8,74.7,B,Pass
1395,Student_395,Male,Civil,78.3,5.0,84.1,84.8,65.0,5.6,52.1,74.6,B,Pass
1396,Student_396,Female,Mechanical,78.4,5.1,68.3,52.5,74.2,8.4,51.7,69.5,C,Pass
1397,Student_397,Female,ECE,89.3,3.3,96.5,90.8,72.6,7.4,45.0,82.7,A,Pass
1398,Student_398,Female,EEE,71.8,6.3,67.1,60.0,100.0,5.9,41.2,73.5,B,Pass
1399,Student_399,Female,Mechanical,79.2,4.2,57.4,69.2,74.9,7.3,48.1,67.3,C,Pass
1400,Student_400,Male,EEE,72.5,3.1,45.3,78.8,55.9,5.8,72.9,70.7,B,Pass
1401,Student_401,Female,ECE,72.8,5.5,41.0,100.0,68.7,8.3,53.9,67.2,C,Pass
1402,Student_402,Female,ECE,74.3,2.9,44.2,100.0,45.1,8.3,79.2,55.8,D,Pass
1403,Student_403,Male,EEE,80.7,4.6,72.0,84.1,68.9,7.6,70.6,76.2,B,Pass
1404,Student_404,Male,CSE,72.3,4.5,75.6,72.3,58.3,7.4,34.6,77.5,B,Pass
1405,Student_405,Female,AI&ML,93.1,6.5,44.3,83.0,82.8,9.1,81.8,84.8,A,Pass
1406,Student_406,Female,IT,67.3,5.4,81.4,88.3,62.3,7.0,84.6,77.4,B,Pass
1407,Student_407,Female,CSE,75.8,4.5,60.8,70.2,68.4,5.6,52.1,73.7,B,Pass
1408,Student_408,Female,CSE,72.7,6.0,70.2,100.0,61.1,7.5,77.6,70.4,B,Pass
1409,Student_409,Female,Civil,95.4,7.0,92.2,78.5,94.3,9.5,54.6,100.0,A+,Pass
1410,Student_410,Female,IT,80.4,5.5,81.5,82.5,65.5,5.8,71.8,86.0,A,Pass
1411,Student_411,Male,IT,90.4,4.5,64.0,85.0,95.7,6.6,47.2,84.0,A,Pass
1412,Student_412,Female,CSE,60.2,2.1,54.6,81.3,81.4,7.5,37.7,74.5,B,Pass
1413,Student_413,Female,Mechanical,81.2,2.6,35.7,87.6,76.7,6.9,63.1,63.4,C,Pass
1414,Student_414,Male,Civil,88.7,4.0,57.2,65.7,75.2,5.8,67.8,84.3,A,Pass
1415,Student_415,Male,Civil,79.0,3.4,64.8,66.6,75.5,8.3,62.8,75.3,B,Pass
1416,Student_416,Male,ECE,90.8,4.2,53.2,58.5,43.0,9.8,48.7,63.9,C,Pass
1417,Student_417,Male,IT,71.8,4.6,66.0,81.6,66.1,7.2,62.8,75.5,B,Pass
1418,Student_418,Female,CSE,94.9,5.5,69.2,86.7,81.8,5.9,74.8,88.7,A,Pass
1419,Student_419,Female,ECE,100.0,4.4,64.6,81.9,69.3,5.1,69.2,91.7,A+,Pass
1420,Student_420,Female,EEE,73.6,5.4,58.2,100.0,50.3,7.3,73.3,68.6,C,Pass
1421,Student_421,Female,AI&ML,72.7,4.6,70.5,74.9,69.3,8.3,57.9,70.8,B,Pass
1422,Student_422,Female,Civil,95.4,0.9,74.6,85.0,93.9,7.6,91.1,91.3,A+,Pass
1423,Student_423,Female,EEE,97.0,2.8,51.6,58.6,87.5,7.0,48.8,71.4,B,Pass
1424,Student_424,Male,EEE,71.7,4.2,89.2,69.2,69.1,6.3,78.8,85.0,A,Pass
1425,Student_425,Female,Mechanical,73.0,2.3,66.5,85.4,83.3,5.7,91.3,89.3,A,Pass
1426,Student_426,Male,AI&ML,74.6,5.6,68.3,87.7,64.9,8.0,78.7,77.8,B,Pass
1427,Student_427,Male,EEE,61.9,7.3,78.6,70.6,46.1,8.1,66.4,79.6,B,Pass
1428,Student_428,Female,EEE,67.0,6.7,71.5,73.9,57.1,5.1,60.5,68.3,C,Pass
1429,Student_429,Male,AI&ML,66.0,4.1,82.3,52.2,91.9,8.9,88.6,84.1,A,Pass
1430,Student_430,Female,AI&ML,68.8,7.2,72.3,69.6,66.2,7.7,44.4,80.2,A,Pass
1431,Student_431,Male,EEE,77.6,4.8,58.8,88.4,66.6,8.7,52.5,80.2,A,Pass
1432,Student_432,Female,AI&ML,80.8,3.9,73.4,83.6,65.8,5.4,62.8,73.6,B,Pass
1433,Student_433,Male,EEE,96.6,3.4,50.8,82.5,96.7,5.4,92.3,73.8,B,Pass
1434,Student_434,Female,EEE,66.0,4.0,69.6,75.7,92.8,6.8,76.8,83.4,A,Pass
1435,Student_435,Female,Mechanical,89.8,3.8,67.5,75.1,100.0,7.6,52.6,71.0,B,Pass
1436,Student_436,Female,CSE,75.4,4.8,64.9,65.1,67.8,9.2,64.4,72.1,B,Pass
1437,Student_437,Female,EEE,77.4,4.8,66.1,85.5,74.1,7.8,58.9,86.6,A,Pass
1438,Student_438,Female,ECE,86.1,4.5,39.8,81.3,48.8,6.7,57.2,70.4,B,Pass
1439,Student_439,Male,Civil,64.5,5.3,59.8,82.4,90.7,5.8,87.6,95.3,A+,Pass
1440,Student_440,Male,IT,82.6,6.6,69.4,,53.7,8.5,45.3,84.0,A,Pass
1441,Student_441,Male,CSE,80.0,6.2,70.4,42.7,73.0,5.8,99.0,74.0,B,Pass
1442,Student_442,Female,CSE,83.9,1.8,52.6,91.5,54.6,9.0,84.9,70.0,B,Pass
1443,Student_443,Male,CSE,81.5,0.5,87.0,67.8,61.8,6.7,89.6,70.7,B,Pass
1444,Student_444,Female,Mechanical,100.0,6.2,55.0,62.1,58.3,8.9,61.7,67.4,C,Pass
1445,Student_445,Female,EEE,70.3,2.0,82.5,85.4,61.5,7.8,67.3,66.0,C,Pass
1446,Student_446,Male,Mechanical,71.6,4.1,74.4,69.1,62.5,6.8,44.2,68.1,C,Pass
1447,Student_447,Male,EEE,70.5,2.4,58.3,90.9,62.3,6.4,60.6,55.3,D,Pass
1448,Student_448,Female,Mechanical,71.3,1.3,94.6,84.3,81.7,6.6,78.9,79.5,B,Pass
1449,Student_449,Male,Mechanical,70.4,5.5,50.1,85.3,54.5,7.5,93.3,71.6,B,Pass
1450,Student_450,Female,Civil,92.3,5.9,81.8,54.5,73.1,7.1,50.1,71.3,B,Pass
1451,Student_451,Female,ECE,95.0,3.5,83.0,93.2,87.1,6.3,63.4,92.6,A+,Pass
1452,Student_452,Female,Mechanical,71.2,0.5,57.9,78.9,62.8,6.8,67.3,68.8,C,Pass
1453,Student_453,Female,Civil,68.0,3.5,88.9,69.5,59.9,7.1,44.9,73.8,B,Pass
1454,Student_454,Female,AI&ML,83.7,5.2,64.2,77.2,66.8,4.4,80.6,77.6,B,Pass
1455,Student_455,Male,ECE,71.4,1.8,72.3,48.4,86.5,7.5,57.0,73.6,B,Pass
1456,Student_456,Male,Mechanical,85.6,4.8,71.9,81.1,72.7,5.8,66.5,87.2,A,Pass
1457,Student_457,Female,IT,80.4,4.5,66.0,59.6,62.6,5.6,61.9,74.8,B,Pass
1458,Student_458,Female,CSE,59.8,5.5,80.2,54.7,76.8,5.0,55.8,69.2,C,Pass
1459,Student_459,Male,AI&ML,96.6,4.7,79.9,52.2,54.6,4.8,69.9,78.9,B,Pass
1460,Student_460,Male,AI&ML,99.6,2.7,41.8,91.7,79.5,5.4,66.1,87.3,A,Pass
1461,Student_461,Female,Civil,70.6,6.7,87.6,65.6,75.7,6.1,63.3,79.6,B,Pass
1462,Student_462,Male,AI&ML,73.3,4.2,43.1,98.0,65.7,9.3,56.9,87.8,A,Pass
1463,Student_463,Female,ECE,81.4,4.5,83.5,67.0,58.3,6.4,75.8,73.7,B,Pass
1464,Student_464,Male,Mechanical,82.0,2.8,84.9,49.4,57.6,7.2,99.8,72.1,B,Pass
1465,Student_465,Female,Mechanical,85.9,3.7,51.6,58.3,77.5,7.5,72.5,68.7,C,Pass
1466,Student_466,Male,IT,100.0,2.9,61.8,93.5,87.2,7.2,87.9,88.3,A,Pass
1467,Student_467,Female,CSE,75.9,4.2,51.4,72.7,61.1,6.9,45.0,56.9,D,Pass
1468,Student_468,Male,Civil,68.4,7.6,64.8,66.8,76.4,5.6,72.8,77.7,B,Pass
1469,Student_469,Male,CSE,61.4,2.0,63.4,77.4,40.8,8.7,50.2,51.4,D,Pass
1470,Student_470,Female,AI&ML,69.2,1.6,79.7,82.5,61.8,9.2,43.4,70.2,B,Pass
1471,Student_471,Male,IT,77.6,7.1,87.7,91.8,69.6,5.0,56.7,96.3,A+,Pass
1472,Student_472,Female,CSE,99.5,4.1,88.9,96.7,57.3,5.8,91.5,92.5,A+,Pass
1473,Student_473,Male,ECE,71.8,3.3,59.6,69.6,56.9,6.7,87.1,51.6,D,Pass
1474,Student_474,Female,Mechanical,80.7,6.4,64.9,55.1,60.7,5.8,74.4,90.3,A+,Pass
1475,Student_475,Male,AI&ML,77.8,3.4,42.7,68.8,74.1,7.6,42.4,70.6,B,Pass
1476,Student_476,Female,IT,92.3,7.8,55.9,78.9,67.4,6.1,66.5,80.4,A,Pass
1477,Student_477,Male,CSE,100.0,5.7,82.5,60.5,38.7,9.6,75.4,79.5,B,Pass
1478,Student_478,Female,Civil,71.6,3.6,92.2,60.6,40.3,8.4,73.2,70.1,B,Pass
1479,Student_479,Male,ECE,72.1,8.4,49.5,80.2,61.5,7.3,36.8,73.4,B,Pass
1480,Student_480,Female,ECE,90.5,3.4,59.1,74.3,76.4,8.2,54.0,78.5,B,Pass
1481,Student_481,Female,CSE,86.2,5.8,67.6,75.5,31.5,8.3,68.8,68.5,C,Pass
1482,Student_482,Female,Mechanical,100.0,5.0,72.2,63.6,63.0,6.3,79.7,78.8,B,Pass
1483,Student_483,Male,CSE,85.0,6.8,55.9,71.5,62.6,6.0,30.5,72.6,B,Pass
1484,Student_484,Female,AI&ML,73.7,7.3,74.4,61.1,89.4,7.1,67.1,76.0,B,Pass
1485,Student_485,Male,CSE,85.1,4.6,60.9,88.4,64.6,8.0,72.6,80.3,A,Pass
1486,Student_486,Female,ECE,91.3,3.1,67.8,90.5,75.4,7.2,85.3,86.7,A,Pass
1487,Student_487,Male,IT,87.8,5.3,76.2,47.3,72.0,5.1,82.5,83.1,A,Pass
1488,Student_488,Female,CSE,84.1,3.3,68.1,61.1,40.2,6.0,80.5,72.7,B,Pass
1489,Student_489,Male,Mechanical,90.8,8.1,61.5,52.6,80.8,6.9,55.6,87.5,A,Pass
1490,Student_490,Male,IT,92.0,4.7,66.4,65.2,73.0,6.9,35.7,74.7,B,Pass
1491,Student_491,Female,Civil,94.6,3.8,66.7,73.7,77.1,9.4,62.9,86.9,A,Pass
1492,Student_492,Male,EEE,85.8,4.8,62.4,53.3,100.0,5.3,88.0,74.0,B,Pass
1493,Student_493,Male,CSE,76.0,2.1,64.1,61.2,40.8,7.6,95.1,56.1,D,Pass
1494,Student_494,Female,Mechanical,79.8,2.8,92.0,59.9,94.1,8.8,82.8,76.2,B,Pass
1495,Student_495,Male,IT,92.5,6.7,76.4,78.1,66.0,9.7,77.7,95.1,A+,Pass
1496,Student_496,Male,Mechanical,68.2,3.3,63.6,76.0,74.0,6.5,76.8,79.6,B,Pass
1497,Student_497,Male,Civil,82.4,2.6,78.5,64.2,69.4,7.6,60.0,77.3,B,Pass
1498,Student_498,Female,ECE,73.3,5.5,63.0,77.7,64.1,7.7,67.7,83.9,A,Pass
1499,Student_499,Male,Mechanical,78.3,6.6,85.6,66.8,62.0,7.2,100.0,77.6,B,Pass
1500,Student_500,Female,IT,93.3,5.8,73.5,70.9,74.6,6.9,53.0,87.3,A,Pass
1011,Student_011,Male,Civil,82.0,4.3,58.3,48.0,84.2,7.8,60.1,63.8,C,Pass
1026,Student_026,Female,CSE,56.9,4.4,63.8,100.0,65.3,8.2,89.8,76.7,B,Pass
1051,Student_051,Male,IT,71.6,4.4,76.5,66.1,79.5,5.9,17.3,71.5,B,Pass
