Student_ID,Department,CGPA,Attendance,Backlogs,Internships,Projects,Aptitude_Score,Technical_Score,Communication_Score,Placed
STU001,AIDS,7.87,86.7,1,2.0,2,64.9,88.3,70.8,Yes
STU002,MECH,9.1,79.1,0,2.0,5,63.0,97.2,82.6,Yes
STU003,ECE,8.36,86.7,1,1.0,1,81.7,72.4,43.8,Yes
STU004,IT,7.14,90.9,1,0.0,3,70.3,60.2,74.6,Yes
STU005,CSE,6.88,88.6,1,1.0,3,77.9,64.3,62.6,Yes
STU006,CSE,7.99,86.1,0,0.0,2,89.4,75.1,74.5,Yes
STU007,CSE,6.54,90.5,1,2.0,1,46.7,40.3,69.4,No
STU008,EEE,9.07,91.4,0,1.0,4,74.5,100.0,63.1,Yes
STU009,ECE,8.54,93.1,0,2.0,5,95.9,76.5,70.7,Yes
STU010,ECE,7.22,87.2,2,0.0,1,62.4,58.4,57.1,No
STU011,CSE,6.23,80.7,0,2.0,2,57.0,59.8,51.0,No
STU012,MECH,8.68,83.2,0,0.0,2,60.7,94.3,67.7,Yes
STU013,EEE,7.51,91.7,2,2.0,2,66.4,65.5,54.2,Yes
STU014,CSE,8.59,75.5,0,1.0,2,91.1,91.8,63.3,Yes
STU015,CSE,6.32,84.9,0,1.0,2,67.1,61.9,60.5,Yes
STU016,CSE,7.12,78.9,2,1.0,1,56.5,50.9,35.0,No
STU017,AIDS,7.6,82.2,0,1.0,4,62.2,73.3,53.5,No
STU018,IT,,92.2,0,0.0,3,55.9,67.9,66.1,Yes
STU019,IT,7.24,83.5,1,1.0,0,55.3,51.3,55.7,No
STU020,AIDS,8.1,82.4,1,1.0,2,52.6,74.6,35.0,No
STU021,ECE,6.75,71.1,0,1.0,2,58.2,62.1,68.6,No
STU022,CSE,7.49,88.0,0,0.0,4,78.5,74.2,63.0,Yes
STU023,AIDS,7.7,87.2,0,0.0,2,69.8,69.7,65.5,No
STU024,AIDS,8.01,99.3,1,1.0,1,81.4,63.2,60.5,Yes
STU025,IT,8.17,79.5,1,1.0,3,80.0,80.4,63.6,Yes
STU026,EEE,6.7,83.8,0,1.0,3,53.7,57.3,78.2,Yes
STU027,CSE,6.37,84.0,2,2.0,3,49.1,30.2,52.5,Yes
STU028,IT,8.62,94.6,2,1.0,3,67.5,76.4,80.3,Yes
STU029,IT,7.87,81.2,2,4.0,2,52.5,68.4,62.9,Yes
STU030,CSE,7.0,84.2,0,0.0,4,61.3,68.4,51.3,Yes
STU031,ECE,8.84,86.9,0,2.0,1,49.6,98.1,83.0,Yes
STU032,CSE,7.69,83.5,1,0.0,3,71.8,85.6,63.6,Yes
STU033,CSE,8.54,78.4,0,0.0,2,74.0,73.6,64.7,Yes
STU034,MECH,7.65,83.6,0,0.0,4,70.4,63.1,57.1,No
STU035,MECH,9.25,90.6,0,2.0,0,88.5,87.4,54.2,Yes
STU036,EEE,9.0,73.8,2,1.0,2,78.8,73.7,58.0,Yes
STU037,AIDS,7.4,83.1,0,0.0,1,78.9,67.4,75.4,Yes
STU038,CSE,8.38,76.4,0,3.0,1,77.6,72.3,54.1,Yes
STU039,ECE,8.12,91.6,2,3.0,2,63.1,75.8,62.3,Yes
STU040,IT,8.69,69.8,4,1.0,1,72.4,61.6,69.5,Yes
STU041,CSE,6.83,77.5,1,0.0,3,39.3,70.7,54.6,No
STU042,IT,8.15,85.0,2,0.0,6,62.1,68.5,65.4,Yes
STU043,CSE,8.45,94.5,1,0.0,3,69.2,79.8,72.3,Yes
STU044,MECH,6.19,81.5,3,2.0,4,59.4,44.7,57.1,No
STU045,AIDS,6.65,77.6,0,0.0,4,51.4,69.1,60.8,No
STU046,ECE,5.97,97.0,0,4.0,3,41.5,54.0,71.1,Yes
STU047,AIDS,7.38,70.4,2,1.0,2,47.1,65.6,51.1,Yes
STU048,IT,8.17,64.4,1,0.0,1,65.0,77.7,61.2,No
STU049,IT,8.8,85.5,1,0.0,1,93.0,72.0,55.0,Yes
STU050,CSE,7.66,78.0,1,2.0,4,68.7,63.3,51.0,Yes
STU051,MECH,8.9,73.8,0,0.0,5,84.7,87.1,41.1,Yes
STU052,EEE,6.5,87.7,1,2.0,1,48.9,50.7,56.2,Yes
STU053,MECH,6.24,84.0,2,1.0,3,40.8,51.4,51.7,No
STU054,MECH,7.56,77.5,0,2.0,2,54.5,73.1,53.6,Yes
STU055,IT,7.91,71.8,0,2.0,1,67.4,84.5,61.7,Yes
STU056,MECH,7.57,89.0,0,0.0,2,47.6,67.1,44.4,Yes
STU057,CSE,5.95,87.2,0,0.0,1,43.5,51.8,41.3,No
STU058,CSE,7.53,81.2,2,0.0,2,60.0,69.1,51.4,No
STU059,CSE,6.56,,0,1.0,1,45.6,59.2,69.0,No
STU060,AIDS,8.14,73.4,1,0.0,0,51.0,72.4,59.1,No
STU061,AIDS,7.89,69.8,1,2.0,2,70.7,81.3,47.3,Yes
STU062,AIDS,6.85,76.5,1,2.0,1,60.2,58.3,69.0,Yes
STU063,EEE,7.19,81.6,0,0.0,2,69.5,34.1,52.5,No
STU064,AIDS,6.75,83.9,1,2.0,3,49.0,56.0,64.5,Yes
STU065,AIDS,7.55,80.1,0,1.0,0,72.2,76.6,54.9,No
STU066,IT,8.36,84.8,1,0.0,0,85.6,68.3,51.5,Yes
STU067,CSE,6.81,72.0,1,1.0,2,61.8,57.3,49.6,No
STU068,EEE,8.0,93.6,1,0.0,1,63.5,77.5,70.6,Yes
STU069,CSE,7.18,81.3,0,4.0,2,63.7,70.6,62.6,Yes
STU070,MECH,6.97,90.9,0,1.0,4,54.8,47.9,72.0,Yes
STU071,EEE,7.51,84.7,0,4.0,3,57.7,62.3,63.8,Yes
STU072,CSE,6.77,85.7,2,1.0,1,65.3,60.3,44.4,Yes
STU073,CSE,7.16,86.6,0,0.0,3,61.0,64.3,82.0,No
STU074,EEE,6.64,85.6,2,2.0,3,69.0,73.5,64.2,Yes
STU075,ECE,9.17,87.1,0,4.0,3,74.4,83.3,66.1,Yes
STU076,ECE,7.63,92.6,0,0.0,2,63.0,64.6,59.1,No
STU077,EEE,7.04,83.6,1,2.0,2,56.2,56.4,,Yes
STU078,CSE,7.77,87.7,1,2.0,2,57.1,65.9,50.3,No
STU079,AIDS,7.51,81.3,1,2.0,3,72.4,52.8,65.1,Yes
STU080,CSE,7.42,93.5,1,0.0,1,84.0,58.6,42.4,No
STU081,EEE,8.09,76.6,1,0.0,2,66.3,68.8,64.1,Yes
STU082,ECE,8.21,96.4,1,2.0,0,64.6,70.1,53.4,Yes
STU083,AIDS,7.18,81.7,1,1.0,0,55.7,79.9,61.9,Yes
STU084,CSE,7.14,70.6,2,1.0,2,56.0,77.7,68.8,Yes
STU085,AIDS,7.38,83.0,1,1.0,4,78.9,61.5,67.8,No
STU086,AIDS,5.76,76.6,0,1.0,1,44.6,33.6,69.6,Yes
STU087,ECE,6.39,88.7,0,2.0,3,50.9,61.4,72.8,No
STU088,ECE,8.69,76.8,0,0.0,2,63.4,79.8,52.1,Yes
STU089,MECH,8.92,78.4,2,3.0,3,79.0,74.1,63.9,No
STU090,IT,7.4,66.9,1,1.0,0,63.6,55.1,36.7,Yes
STU091,CSE,8.06,78.4,0,1.0,5,59.2,91.8,51.1,Yes
STU092,ECE,7.85,62.6,0,3.0,3,59.8,74.4,66.3,Yes
STU093,EEE,10.0,69.3,0,,2,98.8,95.5,50.9,Yes
STU094,IT,8.5,88.1,0,1.0,3,73.3,69.9,42.7,Yes
STU095,EEE,7.5,88.3,0,1.0,5,65.9,72.2,81.5,Yes
STU096,IT,6.84,85.4,1,0.0,1,60.7,54.1,66.0,Yes
STU097,IT,6.31,74.3,3,1.0,3,68.0,47.6,64.1,No
STU098,IT,7.76,81.6,2,1.0,3,57.7,78.4,49.3,Yes
STU099,CSE,6.99,82.0,0,0.0,2,57.4,49.4,62.0,No
STU100,CSE,6.46,72.7,1,0.0,3,55.2,59.6,58.5,Yes
STU101,CSE,7.08,94.0,1,0.0,3,46.1,59.0,55.2,No
STU102,ECE,6.73,89.0,0,1.0,2,50.6,65.4,60.0,No
STU103,AIDS,8.95,80.2,0,2.0,2,86.0,79.5,43.6,Yes
STU104,IT,8.31,82.2,0,1.0,2,78.3,82.9,55.8,Yes
STU105,MECH,7.59,83.7,0,1.0,1,74.2,59.1,69.5,Yes
STU106,AIDS,8.78,65.7,0,2.0,1,69.9,90.0,46.0,Yes
STU107,AIDS,7.66,80.0,1,2.0,4,62.1,72.4,77.6,Yes
STU108,ECE,6.91,76.5,1,1.0,1,44.2,47.8,42.9,No
STU109,CSE,8.82,74.0,1,0.0,0,83.9,78.6,53.8,Yes
STU110,CSE,8.03,79.8,0,1.0,1,79.1,69.5,51.9,No
STU111,AIDS,6.77,96.4,2,1.0,3,68.9,44.2,62.4,Yes
STU112,CSE,7.45,87.1,1,0.0,3,79.0,68.3,74.7,Yes
STU113,MECH,6.9,77.4,0,0.0,4,64.0,73.2,47.7,Yes
STU114,EEE,6.49,86.6,0,0.0,0,70.9,66.2,56.3,No
STU115,ECE,8.34,93.2,0,2.0,3,69.9,75.5,69.7,Yes
STU116,EEE,9.13,89.4,1,2.0,1,62.1,81.9,62.7,Yes
STU117,EEE,6.48,82.5,0,3.0,2,64.6,64.0,61.1,Yes
STU118,CSE,8.05,76.8,2,2.0,5,53.2,88.8,47.7,Yes
STU119,MECH,7.08,87.6,1,1.0,0,63.2,52.4,60.4,No
STU120,IT,7.21,85.1,1,0.0,1,71.3,56.1,71.6,Yes
STU121,EEE,7.13,89.2,1,1.0,3,65.0,57.1,45.6,Yes
STU122,MECH,6.91,87.1,0,1.0,3,80.8,51.7,54.0,Yes
STU123,AIDS,7.64,90.4,0,0.0,1,48.4,68.2,44.0,Yes
STU124,CSE,6.94,77.7,0,1.0,0,59.8,74.9,63.1,Yes
STU125,CSE,7.82,92.5,0,1.0,3,67.7,70.7,75.1,Yes
STU126,IT,7.56,83.6,1,0.0,3,53.4,58.3,57.9,No
STU127,EEE,7.41,98.6,0,0.0,0,53.9,64.2,55.0,No
STU128,EEE,6.87,76.5,1,2.0,2,52.4,68.2,47.5,Yes
STU129,CSE,7.14,95.9,1,3.0,0,52.2,62.8,61.1,No
STU130,IT,8.2,83.6,0,1.0,5,69.6,91.3,56.8,Yes
STU131,AIDS,8.0,76.8,0,2.0,3,63.6,68.7,66.5,Yes
STU132,CSE,6.82,78.1,0,2.0,1,62.4,60.4,51.1,Yes
STU133,CSE,7.68,79.4,1,2.0,1,72.3,70.9,62.6,No
STU134,AIDS,8.2,85.4,1,2.0,2,75.8,77.7,57.3,Yes
STU135,MECH,6.26,86.2,0,2.0,5,51.4,64.6,53.2,Yes
STU136,AIDS,8.03,77.4,1,3.0,2,71.8,63.2,54.3,Yes
STU137,IT,7.07,81.8,2,0.0,2,70.9,79.6,62.5,No
STU138,ECE,8.06,99.1,1,1.0,1,73.5,67.4,74.3,Yes
STU139,AIDS,6.99,95.8,0,2.0,5,77.7,71.4,61.5,No
STU140,MECH,6.16,85.5,0,1.0,2,63.1,62.4,48.4,No
STU141,MECH,6.3,82.3,2,2.0,0,70.9,47.3,69.3,No
STU142,AIDS,7.64,83.0,1,2.0,2,43.7,70.0,50.6,Yes
STU143,IT,7.81,86.9,1,4.0,2,68.4,68.8,63.5,Yes
STU144,AIDS,,73.8,2,1.0,1,57.1,61.2,56.1,Yes
STU145,AIDS,8.11,79.9,0,1.0,3,68.8,72.5,56.9,Yes
STU146,CSE,6.27,68.7,0,4.0,0,47.9,63.2,49.7,No
STU147,ECE,7.55,85.2,0,2.0,0,69.0,58.3,66.5,Yes
STU148,IT,6.63,87.2,0,0.0,2,41.8,51.4,35.0,No
STU149,CSE,7.08,78.1,1,2.0,2,65.3,52.4,69.2,Yes
STU150,AIDS,7.64,94.6,1,0.0,2,59.2,59.0,54.5,Yes
STU151,MECH,6.91,72.2,2,1.0,4,55.8,39.1,59.8,Yes
STU152,CSE,7.29,70.3,1,2.0,3,67.3,65.2,58.7,No
STU153,CSE,8.41,83.8,0,0.0,2,73.0,69.2,72.6,Yes
STU154,IT,7.14,90.4,0,4.0,2,71.6,72.5,64.1,Yes
STU155,MECH,8.27,95.5,0,3.0,1,62.4,77.7,55.6,Yes
STU156,AIDS,6.7,78.3,0,2.0,4,57.9,77.8,41.9,Yes
STU157,ECE,8.02,90.6,3,0.0,4,77.2,91.0,58.7,No
STU158,EEE,8.75,81.7,0,1.0,1,78.3,87.6,39.5,Yes
STU159,CSE,5.62,80.6,1,1.0,2,53.8,46.2,52.4,No
STU160,ECE,6.96,89.1,0,3.0,2,70.7,63.2,58.8,Yes
STU161,AIDS,8.06,87.2,1,2.0,3,65.8,82.3,54.1,Yes
STU162,ECE,7.44,69.4,0,1.0,1,59.0,51.1,55.2,No
STU163,ECE,7.9,93.8,0,1.0,3,73.4,70.3,61.0,Yes
STU164,IT,7.12,93.0,1,1.0,2,60.6,60.9,59.8,Yes
STU165,CSE,7.67,77.0,0,1.0,4,76.5,78.0,35.0,Yes
STU166,EEE,7.48,85.2,0,1.0,3,68.2,75.1,47.4,Yes
STU167,AIDS,8.53,86.0,0,1.0,1,67.6,68.8,67.0,No
STU168,CSE,7.8,84.1,1,0.0,1,70.4,61.6,68.0,No
STU169,CSE,7.87,77.6,0,1.0,2,59.8,75.4,39.3,Yes
STU170,IT,7.27,76.6,3,1.0,4,71.7,56.1,49.2,Yes
STU171,ECE,7.21,81.8,0,1.0,2,50.1,76.6,69.8,No
STU172,CSE,7.25,91.4,2,2.0,3,74.0,71.1,55.3,Yes
STU173,IT,7.92,86.3,0,2.0,1,71.2,73.9,59.6,Yes
STU174,CSE,7.26,79.0,0,2.0,2,61.6,71.7,72.6,Yes
STU175,ECE,7.83,88.2,1,0.0,4,74.5,65.9,57.8,Yes
STU176,CSE,9.26,59.2,1,0.0,4,83.7,76.6,46.2,Yes
STU177,ECE,8.3,91.2,2,2.0,2,83.4,69.2,60.8,No
STU178,AIDS,7.34,68.1,2,1.0,3,75.6,68.9,72.9,Yes
STU179,MECH,8.56,79.1,1,1.0,4,76.7,80.1,62.6,Yes
STU180,CSE,7.27,73.0,1,1.0,3,55.3,62.0,56.2,Yes
STU181,AIDS,5.97,71.6,2,1.0,1,47.9,56.5,50.3,No
STU182,CSE,6.79,91.3,1,1.0,2,58.7,58.6,67.8,Yes
STU183,MECH,6.1,78.3,0,0.0,2,63.5,48.1,64.5,No
STU184,EEE,7.32,84.8,2,0.0,0,59.5,60.0,49.4,No
STU185,AIDS,7.61,81.6,2,1.0,3,62.5,57.6,65.9,Yes
STU186,ECE,8.94,85.8,1,0.0,1,93.2,59.8,59.0,Yes
STU187,EEE,7.86,82.6,0,3.0,5,66.9,79.8,59.7,Yes
STU188,IT,7.42,71.7,0,0.0,4,58.6,62.7,46.8,Yes
STU189,IT,8.26,90.0,2,1.0,3,78.1,69.9,58.0,Yes
STU190,AIDS,5.83,78.0,0,0.0,2,51.1,43.4,47.5,Yes
STU191,CSE,7.79,69.5,1,2.0,0,54.8,78.6,44.0,No
STU192,MECH,8.22,78.6,2,0.0,3,80.1,63.9,61.8,Yes
STU193,MECH,6.42,94.0,1,0.0,1,49.6,49.7,59.8,No
STU194,ECE,8.52,88.8,2,1.0,1,73.6,74.8,48.6,Yes
STU195,AIDS,7.87,79.2,0,2.0,1,67.3,59.5,80.0,Yes
STU196,AIDS,7.27,79.2,1,1.0,1,65.2,49.7,47.0,Yes
STU197,ECE,8.11,79.4,0,3.0,2,50.2,80.9,69.2,Yes
STU198,MECH,9.42,98.6,0,0.0,2,77.3,78.6,50.2,Yes
STU199,MECH,7.75,85.1,1,3.0,1,77.1,62.8,64.9,Yes
STU200,EEE,7.8,85.4,2,2.0,0,78.8,71.2,57.9,Yes
STU201,ECE,7.23,90.2,1,1.0,5,53.9,61.1,55.8,Yes
STU202,CSE,6.92,83.9,2,1.0,0,68.6,53.8,61.8,Yes
STU203,CSE,8.26,79.9,1,2.0,0,64.2,63.6,59.1,Yes
STU204,MECH,6.92,80.4,0,1.0,1,57.0,64.6,50.5,Yes
STU205,ECE,7.66,81.4,1,2.0,1,63.4,80.1,50.4,No
STU206,CSE,7.22,81.7,0,0.0,3,63.7,48.6,43.4,Yes
STU207,CSE,7.98,87.8,0,1.0,1,77.9,71.8,64.3,Yes
STU208,ECE,7.87,82.4,1,2.0,1,70.3,77.6,46.8,Yes
STU209,CSE,8.43,87.9,0,0.0,1,71.3,68.9,61.3,Yes
STU210,CSE,7.19,81.4,2,2.0,3,71.2,54.9,64.9,No
STU211,IT,7.38,82.6,0,2.0,2,56.8,73.0,61.5,Yes
STU212,ECE,6.82,66.0,0,0.0,0,58.9,66.5,46.4,Yes
STU213,ECE,7.24,89.3,0,1.0,3,71.9,75.6,70.8,Yes
STU214,CSE,7.9,84.8,0,0.0,1,73.0,71.4,56.1,Yes
STU215,ECE,8.21,90.0,1,2.0,1,66.5,73.7,48.7,Yes
STU216,CSE,6.86,58.8,1,0.0,0,46.3,47.7,48.2,No
STU217,AIDS,8.3,98.7,1,0.0,4,74.2,81.8,70.9,Yes
STU218,ECE,8.68,80.9,2,0.0,1,60.2,78.1,52.1,Yes
STU219,ECE,7.93,90.9,1,0.0,2,66.5,57.7,71.1,Yes
STU220,EEE,9.1,73.7,1,0.0,3,88.4,82.6,48.6,Yes
STU221,ECE,6.98,86.9,0,2.0,1,66.2,70.2,54.6,Yes
STU222,IT,6.6,73.6,1,1.0,5,39.6,71.0,45.8,Yes
STU223,CSE,6.18,77.0,1,4.0,3,56.2,61.9,64.3,No
STU224,AIDS,8.8,97.3,1,0.0,3,72.5,69.1,64.0,No
STU225,AIDS,8.12,80.5,1,3.0,4,58.5,74.0,48.9,No
STU226,AIDS,7.56,83.7,0,0.0,1,68.5,56.2,55.8,No
STU227,MECH,7.82,89.0,0,2.0,2,63.1,72.5,35.0,Yes
STU228,AIDS,6.7,86.0,0,1.0,2,54.2,,68.4,Yes
STU229,MECH,9.56,83.2,3,2.0,2,82.6,100.0,57.9,Yes
STU230,ECE,7.7,84.9,2,2.0,5,61.0,80.5,36.2,Yes
STU231,EEE,7.69,100.0,2,0.0,3,67.4,74.1,50.9,Yes
STU232,IT,8.18,81.5,0,2.0,3,65.1,81.8,54.8,No
STU233,IT,7.98,83.6,0,2.0,3,64.0,72.5,46.6,Yes
STU234,IT,7.78,90.4,0,1.0,1,76.2,66.7,70.1,Yes
STU235,CSE,6.97,90.8,1,1.0,3,70.6,61.6,66.5,Yes
STU236,ECE,7.98,91.5,0,0.0,5,53.5,76.5,66.1,No
STU237,AIDS,9.11,87.1,1,1.0,1,84.6,81.9,35.0,Yes
STU238,CSE,8.68,72.9,0,2.0,3,87.0,81.8,50.8,Yes
STU239,ECE,8.87,95.1,0,2.0,0,90.0,76.3,56.8,Yes
STU240,CSE,7.19,72.8,2,0.0,2,67.2,54.3,46.4,No
STU241,MECH,6.81,84.4,1,0.0,0,50.0,42.9,55.9,Yes
STU242,MECH,7.5,76.0,3,0.0,2,70.7,71.8,45.8,No
STU243,MECH,7.64,81.5,2,0.0,1,58.3,81.8,61.2,Yes
STU244,AIDS,8.48,84.6,1,0.0,3,69.8,84.9,67.8,Yes
STU245,CSE,6.25,84.6,1,4.0,2,58.4,50.3,66.9,Yes
STU246,MECH,8.82,85.4,1,0.0,5,68.3,87.1,59.0,Yes
STU247,IT,7.47,94.9,0,1.0,3,54.4,78.7,83.7,Yes
STU248,MECH,7.26,85.6,0,1.0,1,67.3,61.1,71.9,No
STU249,MECH,6.79,80.0,0,1.0,1,76.1,65.1,57.5,Yes
STU250,EEE,6.28,89.7,0,2.0,3,66.4,57.3,57.1,Yes
STU251,AIDS,8.26,91.5,0,2.0,0,77.4,87.5,75.9,Yes
STU252,AIDS,7.66,72.2,1,1.0,0,75.1,67.9,65.8,Yes
STU253,EEE,6.57,86.8,0,2.0,1,63.3,52.6,46.8,Yes
STU254,AIDS,6.56,87.6,1,1.0,1,61.5,62.8,72.0,Yes
STU255,CSE,7.33,79.6,3,1.0,2,71.7,70.3,56.8,No
STU256,IT,8.94,93.0,1,4.0,4,64.2,89.3,54.4,Yes
STU257,MECH,7.39,80.8,0,1.0,2,65.9,71.6,39.0,No
STU258,ECE,6.4,83.0,0,1.0,6,55.5,64.3,56.9,No
STU259,IT,7.4,80.6,1,1.0,1,64.9,53.7,58.6,No
STU260,CSE,7.38,82.1,2,0.0,2,59.9,59.9,75.1,Yes
STU261,ECE,5.44,73.2,1,0.0,1,53.2,49.9,65.7,No
STU262,MECH,7.56,70.5,2,0.0,3,58.1,63.1,49.3,Yes
STU263,CSE,7.42,94.8,0,2.0,3,59.6,78.3,67.6,Yes
STU264,IT,8.16,75.2,3,0.0,4,64.4,65.3,65.1,No
STU265,EEE,9.08,74.1,1,0.0,5,85.4,79.2,57.3,Yes
STU266,ECE,8.5,64.8,0,0.0,3,72.9,83.7,47.3,Yes
STU267,ECE,7.38,76.9,0,0.0,2,59.9,67.2,52.1,No
STU268,ECE,6.71,71.4,0,1.0,3,55.3,59.3,59.3,Yes
STU269,AIDS,9.66,95.1,1,1.0,1,82.3,92.4,67.9,Yes
STU270,AIDS,7.65,90.1,1,0.0,6,80.8,65.3,59.1,Yes
STU271,EEE,7.61,76.5,1,2.0,3,54.8,64.1,35.0,No
STU272,EEE,7.58,100.0,1,0.0,1,71.7,38.0,52.6,Yes
STU273,EEE,7.76,89.9,0,1.0,1,71.3,64.0,68.2,Yes
STU274,MECH,7.48,79.4,1,0.0,6,56.9,81.9,37.0,Yes
STU275,IT,7.14,62.0,0,3.0,4,75.3,53.5,64.0,No
STU276,IT,7.16,100.0,0,1.0,2,67.1,56.8,75.9,Yes
STU277,EEE,7.57,70.9,2,2.0,3,61.0,72.3,55.7,Yes
STU278,ECE,7.17,68.8,1,1.0,6,45.6,49.2,60.6,No
STU279,ECE,7.03,90.2,1,2.0,2,63.3,59.7,67.4,No
STU280,EEE,7.69,100.0,0,0.0,3,66.1,79.6,64.3,No
STU281,MECH,7.4,93.1,0,1.0,1,54.9,84.3,49.3,No
STU282,AIDS,8.8,86.5,0,1.0,4,66.0,84.9,70.4,Yes
STU283,AIDS,5.48,86.8,0,1.0,2,56.7,42.7,75.0,Yes
STU284,CSE,8.47,88.8,0,2.0,3,55.2,71.4,49.5,Yes
STU285,IT,8.6,88.1,0,1.0,3,76.6,80.4,47.2,Yes
STU286,CSE,5.94,84.2,1,0.0,5,50.8,58.0,58.6,Yes
STU287,IT,7.33,82.8,0,1.0,1,68.1,82.0,53.2,Yes
STU288,IT,7.3,81.5,0,1.0,1,60.8,73.8,60.5,No
STU289,AIDS,6.47,76.0,1,2.0,4,59.4,63.3,69.2,Yes
STU290,IT,6.98,79.8,0,0.0,3,54.2,60.3,36.0,Yes
STU291,CSE,6.71,68.5,1,3.0,1,58.2,89.2,70.3,Yes
STU292,CSE,9.0,81.2,0,2.0,3,81.4,90.1,54.9,Yes
STU293,EEE,8.35,74.1,0,2.0,2,73.2,71.5,61.6,Yes
STU294,AIDS,8.62,73.2,0,3.0,3,77.4,81.2,62.3,Yes
STU295,CSE,8.18,83.4,0,2.0,2,62.1,68.1,67.0,Yes
STU296,IT,6.7,93.1,0,0.0,3,53.3,39.3,63.7,No
STU297,EEE,7.18,89.3,1,0.0,3,57.3,65.8,64.7,Yes
STU298,CSE,7.99,69.4,1,2.0,2,66.4,88.5,57.7,Yes
STU299,ECE,6.62,74.1,1,1.0,3,70.2,45.6,50.1,Yes
STU300,CSE,8.17,89.5,0,1.0,4,67.2,77.4,44.2,Yes
STU301,CSE,7.41,74.1,1,2.0,1,54.0,59.6,44.2,Yes
STU302,IT,7.3,80.2,0,2.0,1,68.3,71.7,57.5,Yes
STU303,IT,8.17,86.4,1,0.0,3,82.5,69.9,52.9,Yes
STU304,ECE,7.96,74.3,0,1.0,1,57.3,58.4,48.7,No
STU305,ECE,7.31,82.8,2,0.0,3,81.2,53.3,77.5,No
STU306,MECH,8.53,71.3,0,1.0,2,77.0,69.5,64.0,Yes
STU307,IT,6.74,77.2,0,3.0,2,68.2,77.9,55.0,Yes
STU308,AIDS,8.09,84.6,0,0.0,0,82.9,79.9,66.8,Yes
STU309,EEE,8.07,69.3,0,2.0,2,78.3,72.3,50.6,Yes
STU310,AIDS,7.35,85.5,2,3.0,1,62.8,76.5,61.5,Yes
STU311,IT,7.86,81.8,0,3.0,2,78.8,73.8,63.5,Yes
STU312,CSE,6.6,,3,2.0,5,60.1,58.2,56.6,No
STU313,CSE,8.34,83.8,1,3.0,6,81.5,83.9,53.0,No
STU314,MECH,7.45,92.9,0,0.0,3,75.4,69.9,75.3,Yes
STU315,EEE,7.18,83.0,0,4.0,2,52.6,66.5,65.7,Yes
STU316,ECE,8.44,78.6,1,3.0,1,79.7,76.9,35.5,Yes
STU317,AIDS,7.04,83.0,0,0.0,3,59.7,70.9,52.9,Yes
STU318,CSE,6.47,86.3,0,2.0,1,58.0,61.2,52.9,No
STU319,CSE,6.35,82.4,0,0.0,1,56.9,55.4,53.1,No
STU320,AIDS,8.08,82.3,0,1.0,1,70.4,76.1,67.9,No
STU321,IT,6.58,76.4,0,0.0,2,71.4,64.4,57.4,Yes
STU322,ECE,9.0,76.7,0,2.0,4,64.7,85.4,43.4,Yes
STU323,ECE,5.93,70.8,1,0.0,1,36.9,45.1,51.4,No
STU324,AIDS,8.96,96.0,0,0.0,1,59.3,78.9,69.5,Yes
STU325,MECH,7.77,72.0,0,1.0,1,76.8,54.7,53.5,Yes
STU326,ECE,7.52,76.5,2,3.0,1,58.2,65.0,50.8,Yes
STU327,IT,7.16,76.3,0,1.0,1,63.5,41.6,60.5,No
STU328,ECE,7.92,89.2,1,2.0,0,67.3,53.7,77.9,Yes
STU329,AIDS,7.57,79.6,2,0.0,3,57.6,47.9,63.0,No
STU330,AIDS,8.48,92.0,2,0.0,0,80.5,77.0,75.7,Yes
STU331,AIDS,7.69,76.6,1,1.0,3,65.4,69.5,51.5,No
STU332,ECE,7.72,84.2,1,1.0,1,64.6,55.3,59.9,Yes
STU333,CSE,7.31,75.3,0,4.0,6,65.6,83.1,56.6,Yes
STU334,CSE,7.55,99.2,0,0.0,1,71.9,74.1,66.4,Yes
STU335,CSE,7.85,72.5,0,1.0,2,59.2,75.8,60.3,No
STU336,CSE,6.23,84.5,0,1.0,1,62.7,54.3,50.9,No
STU337,EEE,6.52,87.1,1,0.0,1,70.2,56.5,67.5,Yes
STU338,ECE,8.19,85.3,0,0.0,4,57.7,83.2,44.1,No
STU339,IT,7.74,80.5,1,1.0,1,69.4,62.6,45.3,Yes
STU340,CSE,7.45,81.0,1,1.0,2,61.9,66.1,80.2,Yes
STU341,IT,7.61,82.4,2,1.0,3,72.2,64.4,54.2,Yes
STU342,IT,7.88,80.8,1,2.0,0,57.1,54.0,66.1,Yes
STU343,CSE,7.17,89.7,0,4.0,1,77.0,78.2,78.9,Yes
STU344,IT,6.98,99.7,1,1.0,2,46.4,80.3,42.3,Yes
STU345,AIDS,7.76,77.5,4,0.0,0,64.9,49.6,68.9,Yes
STU346,ECE,6.82,71.0,0,2.0,3,63.5,74.6,61.8,Yes
STU347,ECE,7.93,81.3,1,3.0,2,62.3,66.3,75.4,Yes
STU348,CSE,6.24,100.0,1,0.0,5,47.3,59.2,53.7,No
STU349,AIDS,8.42,75.6,1,1.0,1,74.4,86.1,71.5,Yes
STU350,ECE,7.98,95.1,0,0.0,2,69.5,65.6,56.4,Yes
STU351,IT,7.8,95.4,0,1.0,3,67.5,72.2,74.4,Yes
STU352,EEE,8.39,77.6,0,1.0,1,79.8,58.1,57.3,Yes
STU353,ECE,8.93,86.6,1,1.0,3,72.9,73.9,68.5,Yes
STU354,CSE,8.41,95.0,0,0.0,2,75.2,56.8,64.2,Yes
STU355,CSE,6.13,79.0,0,3.0,2,49.5,64.5,39.8,No
STU356,ECE,6.58,80.4,1,2.0,0,50.0,64.9,35.0,No
STU357,CSE,7.1,77.3,0,3.0,3,59.2,68.4,59.7,Yes
STU358,IT,7.62,73.9,0,3.0,2,61.5,75.8,53.7,Yes
STU359,MECH,8.01,76.8,0,1.0,2,65.0,69.7,61.4,Yes
STU360,IT,7.02,72.2,0,3.0,0,71.6,71.8,53.2,Yes
STU361,AIDS,7.75,82.3,1,1.0,1,64.7,68.0,79.5,No
STU362,ECE,7.0,75.8,0,4.0,0,55.0,49.1,59.3,No
STU363,IT,7.11,83.9,0,0.0,1,62.1,69.9,55.4,No
STU364,IT,6.47,69.6,1,2.0,1,57.7,54.5,58.2,Yes
STU365,MECH,6.86,84.6,1,2.0,2,49.2,51.4,55.8,No
STU366,AIDS,6.52,88.7,0,2.0,3,54.5,59.5,62.5,Yes
STU367,MECH,6.82,66.1,0,1.0,3,56.5,46.9,41.5,Yes
STU368,MECH,8.44,85.0,1,0.0,2,71.0,61.0,60.2,No
STU369,CSE,6.84,91.8,0,2.0,2,66.2,65.9,57.9,Yes
STU370,CSE,9.71,72.3,0,2.0,4,83.9,94.1,44.6,Yes
STU371,CSE,7.99,95.4,0,1.0,2,80.0,75.2,83.6,Yes
STU372,CSE,7.75,85.4,0,0.0,3,66.9,69.9,49.6,Yes
STU373,CSE,6.91,76.4,0,3.0,3,76.3,62.5,57.3,No
STU374,ECE,8.16,81.6,0,3.0,4,66.1,80.4,51.0,Yes
STU375,CSE,7.14,86.5,1,1.0,3,55.2,60.8,63.7,No
STU376,AIDS,7.7,82.6,0,1.0,6,71.5,61.3,46.7,Yes
STU377,EEE,9.65,86.3,1,3.0,3,94.5,83.1,69.1,Yes
STU378,CSE,7.52,74.6,1,0.0,2,52.8,72.4,77.0,Yes
STU379,EEE,8.52,83.4,2,0.0,2,71.4,85.2,51.3,Yes
STU380,AIDS,7.04,70.7,1,1.0,2,55.8,68.2,67.4,Yes
STU381,CSE,7.57,81.1,1,4.0,4,66.8,89.7,55.1,Yes
STU382,ECE,9.02,74.8,0,2.0,4,77.3,86.9,71.7,Yes
STU383,ECE,7.1,76.1,0,1.0,1,73.9,79.0,79.0,Yes
STU384,EEE,9.05,91.9,1,2.0,1,76.4,98.4,60.3,Yes
STU385,ECE,8.17,90.7,1,3.0,0,82.7,57.3,47.0,Yes
STU386,EEE,7.15,86.9,2,1.0,4,59.4,66.3,70.4,Yes
STU387,AIDS,8.11,73.3,0,1.0,2,78.2,74.2,58.4,Yes
STU388,CSE,8.38,79.5,0,4.0,4,74.1,80.9,63.3,No
STU389,ECE,8.1,91.7,0,1.0,1,85.4,76.3,59.2,Yes
STU390,EEE,6.34,83.1,0,0.0,1,42.4,55.3,50.7,No
STU391,MECH,7.02,100.0,0,0.0,3,50.7,57.1,77.1,Yes
STU392,AIDS,7.4,85.1,0,1.0,4,80.7,70.2,63.5,Yes
STU393,AIDS,7.54,83.5,2,0.0,3,58.7,74.9,45.3,No
STU394,EEE,8.1,79.5,1,0.0,2,63.8,71.0,65.2,Yes
STU395,AIDS,7.74,83.1,0,0.0,2,59.0,73.9,64.4,Yes
STU396,MECH,6.53,80.8,1,4.0,0,67.6,58.5,55.5,No
STU397,EEE,7.9,87.7,0,1.0,3,56.9,77.2,77.4,Yes
STU398,IT,8.09,89.7,3,0.0,5,69.9,58.9,55.7,No
STU399,ECE,8.05,75.7,1,0.0,0,67.0,61.4,55.3,No
STU400,ECE,8.46,71.4,0,0.0,1,82.0,72.0,63.2,Yes
STU401,CSE,8.27,67.3,0,0.0,2,66.1,61.3,54.8,Yes
STU402,MECH,7.97,86.1,0,1.0,1,72.5,63.3,46.8,Yes
STU403,IT,7.54,73.2,1,0.0,6,54.8,,58.0,No
STU404,EEE,6.27,64.8,3,0.0,2,75.6,51.0,49.0,No
STU405,AIDS,7.94,85.1,1,1.0,3,66.4,78.7,68.9,Yes
STU406,MECH,7.77,100.0,1,1.0,1,67.2,61.6,67.0,Yes
STU407,AIDS,7.82,82.0,1,0.0,2,82.5,67.5,60.1,Yes
STU408,CSE,6.58,88.7,2,0.0,3,52.4,49.9,51.1,Yes
STU409,MECH,6.74,82.7,0,1.0,4,73.9,71.1,57.1,Yes
STU410,CSE,8.44,81.2,1,2.0,2,68.8,87.0,68.6,Yes
STU411,AIDS,7.57,89.4,2,1.0,3,71.6,70.7,54.0,Yes
STU412,MECH,8.15,79.7,0,0.0,3,65.0,82.8,58.1,Yes
STU413,MECH,7.62,84.1,0,1.0,3,53.8,71.1,50.6,Yes
STU414,IT,7.62,84.6,1,1.0,2,69.7,74.5,48.3,Yes
STU415,ECE,8.35,76.7,1,1.0,0,77.6,71.2,56.5,Yes
STU416,IT,7.19,89.9,2,1.0,2,50.7,52.4,63.7,No
STU417,AIDS,7.68,80.6,0,1.0,2,63.7,72.0,78.6,Yes
STU418,AIDS,7.23,76.0,2,2.0,1,73.6,53.5,52.5,Yes
STU419,ECE,7.25,86.3,1,2.0,0,68.4,84.2,60.2,Yes
STU420,ECE,7.35,74.8,0,4.0,0,60.2,67.0,44.2,Yes
STU421,EEE,7.78,82.2,1,0.0,1,61.9,70.9,65.4,Yes
STU422,EEE,7.22,81.9,2,2.0,0,80.3,60.8,63.1,Yes
STU423,CSE,8.6,90.7,1,2.0,2,60.8,66.5,77.1,Yes
STU424,IT,6.88,85.8,1,2.0,1,59.5,44.4,71.6,No
STU425,CSE,7.45,81.8,1,2.0,3,51.4,76.1,62.6,No
STU426,IT,7.25,88.5,0,0.0,1,74.8,76.6,56.8,No
STU427,IT,8.76,93.1,2,1.0,1,75.0,66.8,65.1,Yes
STU428,MECH,7.76,86.5,0,2.0,6,68.7,63.5,59.7,Yes
STU429,AIDS,8.43,82.1,0,1.0,3,97.4,74.7,68.8,Yes
STU430,CSE,6.41,71.5,0,1.0,1,50.9,49.1,63.8,Yes
STU431,CSE,7.81,73.5,1,1.0,1,83.2,61.5,53.3,Yes
STU432,EEE,8.31,79.6,0,1.0,4,68.0,83.6,43.7,Yes
STU433,ECE,7.67,77.1,1,0.0,3,64.3,66.7,70.8,Yes
STU434,CSE,8.45,80.5,3,0.0,0,96.3,57.9,64.5,Yes
STU435,CSE,7.19,82.5,0,0.0,0,61.1,65.9,56.2,Yes
STU436,ECE,8.73,86.2,2,1.0,3,62.5,82.2,66.1,Yes
STU437,CSE,9.44,81.4,0,3.0,3,83.1,87.2,59.7,Yes
STU438,EEE,7.31,85.9,2,1.0,4,61.9,66.9,73.8,No
STU439,ECE,7.24,82.5,2,1.0,2,66.2,66.7,40.1,Yes
STU440,CSE,8.76,66.2,0,3.0,1,73.9,85.3,49.7,Yes
STU441,CSE,8.86,74.5,0,1.0,4,95.8,83.2,72.6,Yes
STU442,MECH,7.18,80.8,0,0.0,2,67.5,76.4,64.4,No
STU443,AIDS,7.26,72.3,0,1.0,1,53.4,70.0,73.5,Yes
STU444,AIDS,7.37,86.8,0,0.0,2,65.1,61.1,48.7,Yes
STU445,EEE,6.52,94.2,0,0.0,2,50.0,53.9,74.2,No
STU446,MECH,6.87,91.8,0,4.0,2,57.7,63.9,72.8,Yes
STU447,MECH,6.8,80.3,0,1.0,1,51.2,66.5,41.8,No
STU448,ECE,6.99,93.9,2,0.0,0,79.9,49.3,60.4,Yes
STU449,AIDS,7.57,83.2,2,2.0,3,59.3,64.5,58.6,Yes
STU450,CSE,7.79,79.3,0,0.0,4,73.5,81.2,42.1,No
STU451,EEE,8.84,77.1,1,0.0,6,72.8,83.4,54.7,Yes
STU452,IT,6.8,79.6,1,0.0,4,49.0,72.1,67.1,No
STU453,IT,8.39,78.9,0,2.0,2,73.9,85.0,54.2,Yes
STU454,MECH,7.43,83.4,0,1.0,1,68.0,55.6,62.1,Yes
STU455,CSE,7.56,83.3,0,1.0,5,70.5,72.3,62.1,Yes
STU456,IT,8.14,82.0,0,3.0,3,46.5,88.1,59.1,Yes
STU457,CSE,6.7,85.5,0,1.0,2,47.5,50.5,53.4,Yes
STU458,IT,7.91,91.5,2,0.0,3,76.9,71.0,69.1,Yes
STU459,CSE,7.73,89.6,1,0.0,2,58.5,65.9,46.0,No
STU460,CSE,7.99,70.1,0,1.0,2,70.7,56.6,55.1,Yes
STU461,CSE,7.83,61.6,0,2.0,2,56.3,74.1,65.9,No
STU462,ECE,9.56,89.5,2,1.0,2,88.1,74.2,57.4,Yes
STU463,ECE,7.09,71.1,0,0.0,4,70.1,55.3,48.1,No
STU464,IT,7.18,80.2,1,1.0,1,69.0,62.1,65.8,No
STU465,MECH,7.1,72.6,1,1.0,2,71.1,45.5,57.5,No
STU466,AIDS,7.16,67.6,0,0.0,3,76.4,58.8,61.6,Yes
STU467,AIDS,7.09,86.3,1,1.0,6,51.2,91.7,61.1,Yes
STU468,EEE,8.55,88.1,0,0.0,3,66.3,82.5,37.5,Yes
STU469,CSE,8.74,77.4,1,1.0,2,83.0,68.9,69.4,Yes
STU470,MECH,7.14,61.3,2,1.0,3,72.3,75.3,72.7,No
STU471,CSE,6.93,77.6,1,0.0,2,54.4,50.5,70.5,No
STU472,MECH,7.98,85.1,0,2.0,3,62.1,70.8,35.0,Yes
STU473,CSE,7.16,70.2,1,1.0,2,56.4,53.0,59.6,Yes
STU474,MECH,8.11,83.5,1,1.0,1,55.4,72.2,55.1,Yes
STU475,IT,7.76,81.9,0,3.0,2,55.6,86.8,48.3,Yes
STU476,MECH,6.39,86.6,1,0.0,1,44.9,44.3,62.0,No
STU477,CSE,8.84,83.0,1,0.0,4,73.1,60.1,58.1,Yes
STU478,IT,9.04,74.2,0,3.0,4,79.8,98.2,61.6,Yes
STU479,MECH,7.11,91.6,1,1.0,0,65.8,73.9,63.1,No
STU480,IT,7.29,80.7,0,3.0,2,58.7,52.5,47.5,Yes
STU481,ECE,7.83,81.8,1,2.0,0,63.3,72.2,53.4,Yes
STU482,ECE,7.87,74.5,1,4.0,0,69.1,74.4,49.2,Yes
STU483,IT,8.13,78.5,0,0.0,1,56.6,63.0,40.8,Yes
STU484,ECE,9.21,74.9,1,1.0,3,87.3,69.7,43.0,Yes
STU485,IT,7.46,80.6,0,4.0,1,76.2,81.3,56.6,No
STU486,MECH,6.96,95.7,0,1.0,4,55.0,68.3,78.2,Yes
STU487,CSE,6.5,71.0,0,1.0,3,53.4,63.5,50.0,No
STU488,AIDS,7.02,69.1,1,1.0,5,72.3,61.1,47.1,Yes
STU489,MECH,7.57,93.8,2,1.0,2,64.5,57.6,51.5,No
STU490,MECH,9.04,80.3,1,2.0,1,82.6,57.7,58.9,Yes
STU491,IT,7.19,76.6,1,0.0,2,61.7,59.6,69.1,No
STU492,ECE,7.78,90.3,1,0.0,1,81.2,78.1,82.1,Yes
STU493,AIDS,7.59,77.2,0,1.0,1,70.1,59.5,60.4,No
STU494,CSE,8.55,96.6,1,2.0,2,78.3,63.5,65.7,No
STU495,IT,9.62,87.4,0,0.0,0,87.1,85.2,55.7,Yes
STU496,AIDS,7.18,78.1,0,2.0,3,57.4,74.6,54.1,Yes
STU497,IT,7.21,99.3,1,4.0,2,58.5,64.5,71.5,Yes
STU498,CSE,8.44,77.2,3,0.0,2,79.4,65.1,54.4,No
STU499,MECH,8.15,87.9,0,0.0,2,71.3,74.2,59.6,Yes
STU500,MECH,9.08,84.4,0,0.0,0,67.0,75.3,59.8,Yes
STU021,ECE,6.75,71.1,0,1.0,2,58.2,62.1,68.6,No
STU146,CSE,6.27,68.7,0,4.0,0,47.9,63.2,49.7,No
STU321,IT,6.58,76.4,0,0.0,2,71.4,64.4,57.4,Yes
